id,user_id,event_id,session_id,check_in_time,qr_token
55398366-6068-4680-a161-1a289f0850c3,d7ce9a4e-ab23-4058-9ed7-04f8a8377e0d,8ab136db-af7e-4428-a861-1d9c21aad10e,,2026-03-02 15:19:21.950,qr_3b89ad01
78ac9044-0a3e-4ed0-934d-4a235f38830a,4c699e1a-e949-4914-a420-0b295837f783,9d534d4e-dc03-49d5-bc71-56dfe3fd6914,,2026-03-08 15:19:21.952,qr_4866defb
877d2236-c349-442d-8647-ecee848d817d,9e9a9a25-204b-4c05-b378-252fb40a0f16,a9bf4219-948f-4957-9e45-5e4949aaa023,,2026-03-03 15:19:21.953,qr_0a45f4d3
17960917-9d27-441b-9576-0ff377ad5044,99624f39-44a6-4f50-82a1-86b4498ab5d6,4fa771ca-11d2-4a7d-830a-809082703291,,2026-03-10 15:19:21.954,qr_76f4a9b7
75390883-e0ea-4dfa-bcd5-93250165e588,874cceda-d069-4356-a666-dae3f04f8f0b,eb2d4d28-07e0-4e07-9d91-0a1969555ae9,,2026-02-26 15:19:21.955,qr_a58d35ec
7f9fd5d2-9868-4327-a855-00918451567f,be351f36-e076-4db6-a66e-2b2c4b249567,867f0884-1b6f-4505-90e9-9177f1fdcb17,,2026-03-17 15:19:21.956,qr_84a8729b
bfbb83f4-7bc3-4ffc-8072-4352080a01cd,c029ea2d-2f55-4b11-8d50-7f9289803c42,076677af-ae78-4f4d-a0a4-fed320324add,,2026-02-18 15:19:21.957,qr_b849b5c6
ae0bc100-874c-4552-804d-0311d47f4ebd,fcfc943c-0c7c-4a90-a9dd-36120ff78e3f,33f7bc74-721f-4500-b374-b89287ea1a83,,2026-02-19 15:19:21.958,qr_cdc0cc37
05147f61-ec65-43bf-b8ed-3c6f6b2f1223,5db7d277-984a-486a-8b2c-9b5948345a6d,9d6b03e7-6dd6-4592-9eeb-d9e3bd85567d,,2026-03-12 15:19:21.958,qr_ab6abe60
57dd1f36-cef0-4769-a553-8bc440814423,4dc0f433-b40f-450f-ab5f-d6b81a23779b,a9bf4219-948f-4957-9e45-5e4949aaa023,,2026-02-18 15:19:21.959,qr_95220331
c385589c-c688-4b51-8138-ee796cc4423e,cf2986c4-d916-49b8-8af8-e907fca9b690,f01f72af-b8b9-4307-8d0d-ab4268c4eeac,,2026-03-13 15:19:21.960,qr_ffafd001
f88a59e3-1904-4ac8-aa1a-0ecfbd6c1305,e3842d3b-61c1-4097-bc78-5052a269e064,a9bf4219-948f-4957-9e45-5e4949aaa023,,2026-03-01 15:19:21.961,qr_32522cd2
ede95dbc-f053-4c6f-b2e7-e31232bb40e6,10eed5ff-8933-404e-aadb-5864f036e0ea,753d1fa8-d7c2-4240-80b1-7b875fbac6f7,,2026-02-22 15:19:21.962,qr_980cd5fa
a28a4d11-b7e8-469e-b649-f620b0782814,c73880b0-8c40-4b5c-aae9-8d81004c8326,428b7470-f951-4db9-8ed8-1bb45798c15b,,2026-03-04 15:19:21.962,qr_dcad0cfb
1ac8dbcf-1dc2-4898-b33c-dc5947b0fed9,eeabf25d-0b51-41f3-9790-3cde3dd052ce,867f0884-1b6f-4505-90e9-9177f1fdcb17,,2026-03-11 15:19:21.963,qr_75fc3ae4
f5f6c67a-0d9b-432b-810d-052eb8be0c18,08451ca8-2fb6-45a5-8029-f7df481edc36,8ae1627b-fab3-402f-813a-1ba81dfee355,,2026-03-04 15:19:21.964,qr_8965e383
ed85ef53-7fc5-452c-b765-e255a7db369c,f63ec813-3a1c-45d8-9b48-42a3485a1f8b,9d6b03e7-6dd6-4592-9eeb-d9e3bd85567d,,2026-03-08 15:19:21.964,qr_788fad46
5090ebad-923d-4b1b-9b4d-262aca8b7a31,d7e099b1-1ca7-4dac-b107-08f3c7106a60,428b7470-f951-4db9-8ed8-1bb45798c15b,,2026-03-04 15:19:21.965,qr_0ec3127c
4f43aee2-138a-4561-acf5-5ed2f7f6e165,bc9f4495-ac87-426a-b3fc-e9d762c9ccd6,273915ba-cb64-45ea-8921-f1a49234eb3e,,2026-03-07 15:19:21.966,qr_a590dc92
8eb7d893-1e6b-4db0-8716-1d6c786e543b,c208b9fc-90ea-44bd-bb94-e769a38d8ab2,cc09b50f-b2f4-469e-b259-ccf6ecb69a71,,2026-03-06 15:19:21.966,qr_1678d167
78bac157-9d86-4815-b849-101ea3793235,43041815-e118-4049-a65c-928ce5079c0d,871cedb9-06fe-4175-a3fa-839a14c53219,,2026-03-04 15:19:21.967,qr_37fab3a9
7f985457-a2e5-4713-8705-b78cfcbb009d,efa4c015-3136-4a8c-9dcb-7986d2163674,753d1fa8-d7c2-4240-80b1-7b875fbac6f7,,2026-02-26 15:19:21.967,qr_cb172037
9e93ede1-9f16-40da-b8d8-81973f484055,4fac1881-cc71-495d-a004-d77eca388801,076677af-ae78-4f4d-a0a4-fed320324add,,2026-02-18 15:19:21.968,qr_4aecce6a
430ba466-5a36-4c36-8522-b0f023e8fb67,2efa3ce3-3b7d-45a1-a621-4cd17a461aaa,3beeb6f2-ddf0-480e-a693-a64ffa5bb810,,2026-02-20 15:19:21.968,qr_dace6d61
3a6e0854-c10c-4aea-b69c-cb3189cd9132,cb2888ed-5460-4728-8b91-ed750b2268b5,67cb0aa5-09e1-40b9-b140-bfca04307b59,,2026-03-01 15:19:21.969,qr_f0073a76
b0f47bdf-2a6c-4191-b469-208a646a1ff9,c208b9fc-90ea-44bd-bb94-e769a38d8ab2,273915ba-cb64-45ea-8921-f1a49234eb3e,,2026-03-16 15:19:21.969,qr_87def7df
b635962c-18ee-4ee2-89e4-a7816a1d9cb7,dac76df2-ffa2-457e-9a2d-424bcd283830,ebfcf253-670a-4ee8-a549-32498bdca5ff,,2026-03-01 15:19:21.970,qr_2474d7f0
1e640e95-8d53-4c54-8b49-14f536d654c4,04703585-1f4d-4f1e-8ef9-bdde517013c2,a9bf4219-948f-4957-9e45-5e4949aaa023,,2026-03-12 15:19:21.970,qr_62b18b88
f06d987d-d5ce-47ed-abbd-690619d136a9,3e760ba7-bdbf-475b-96de-909113eab75f,17421e06-2d29-46bf-b4cc-96fdd85e0723,,2026-02-23 15:19:21.971,qr_ad98bb14
6347cbbc-6d04-4867-be7d-9bd650200bf3,23e3fae9-7ada-483a-95e6-5c38a7732942,871cedb9-06fe-4175-a3fa-839a14c53219,,2026-02-24 15:19:21.972,qr_0f2ff7a6
4e112a6e-cf72-419a-b954-87e7bc8ad476,3189a985-4b72-42f8-b615-cd01c585ca88,0cb1256f-a596-4972-9538-58c4d7998883,,2026-02-19 15:19:21.972,qr_9d9cc82e
5ccc9b19-a9a9-439a-936c-948dbf84e3ce,82b86e28-380b-49a1-b39f-71fe625a8c30,0cb1256f-a596-4972-9538-58c4d7998883,,2026-03-09 15:19:21.973,qr_dbc652e0
4679a5a5-eb88-467c-88c8-923602575089,10eed5ff-8933-404e-aadb-5864f036e0ea,cc09b50f-b2f4-469e-b259-ccf6ecb69a71,,2026-03-07 15:19:21.974,qr_540ac67a
3ab4b735-cbc6-4360-8f6b-95740709006d,49594c00-b1d0-498a-b817-a7211fcb2f37,d5dfcb90-4f5c-4ce0-9225-e0ce92aea046,,2026-03-06 15:19:21.974,qr_f5c57739
862f2aa6-fdaa-42d6-9e30-79e4133e4d44,82b86e28-380b-49a1-b39f-71fe625a8c30,b1ec34d9-b435-41d5-859f-0d3786111920,,2026-02-26 15:19:21.975,qr_c7d105cd
503c7619-94bd-4257-94ba-e62d1f8a20fd,cb2888ed-5460-4728-8b91-ed750b2268b5,c477818f-9cc3-47b7-9a8e-f596f39db643,,2026-02-22 15:19:21.976,qr_a99958f9
b2cbf913-2d58-4bfd-8f82-851f40ee6cf6,5bc04554-35d1-466a-901e-bf6a4e02a811,724764e7-ff07-470c-b57a-99c5236e77ee,,2026-02-23 15:19:21.976,qr_22acc0bd
9fceb4c6-1533-4fcc-949d-5322e00e89c2,2de5ebdf-3cc8-4789-ba23-39749abc265a,8ae1627b-fab3-402f-813a-1ba81dfee355,,2026-03-02 15:19:21.977,qr_ff502c4d
defea5dd-0cb4-432e-90fd-f9db5ea21190,50cc7cdb-c012-453f-bd55-cfc143c04a1a,428b7470-f951-4db9-8ed8-1bb45798c15b,,2026-03-01 15:19:21.978,qr_b46273cc
75c9babc-31cb-44f6-9d34-1d8eb5bdc4cc,34e8dde8-ebdf-495f-81df-934a49797b36,0cb1256f-a596-4972-9538-58c4d7998883,,2026-02-21 15:19:21.978,qr_19487a91
0fda4f11-2ead-466c-aaaf-14424d8d87e0,c208b9fc-90ea-44bd-bb94-e769a38d8ab2,a418507d-2dda-4574-b28f-a7944c7b99fe,,2026-02-19 15:19:21.979,qr_c26196c0
9500d9d4-34cb-4eb1-9077-d3414a50d546,49594c00-b1d0-498a-b817-a7211fcb2f37,149dca0c-2d06-402a-a468-0d667c3f9728,,2026-02-22 15:19:21.980,qr_01bb6d28
33a16ef0-83d4-4e74-b278-332d4ca21c8d,7bb8482a-941c-4fd3-ba41-cca1c440a836,17421e06-2d29-46bf-b4cc-96fdd85e0723,,2026-03-04 15:19:21.981,qr_bf2f8bf3
26fca95c-40a3-4fc7-803a-55abb33359d4,b5dc73f3-d386-47b1-af5d-75e80b4e8ab7,9009c29d-cd16-4a41-8ca4-87e78cabe5b4,,2026-03-01 15:19:21.981,qr_d15c2fda
a6032178-c079-4e7a-8327-aaf7dc89f399,04316eb6-7108-4e8f-ad21-402bd71bc009,8ab136db-af7e-4428-a861-1d9c21aad10e,,2026-03-14 15:19:21.982,qr_e2b77b43
5fabe6c8-f919-4c52-8dcc-324ba610cd37,0422ae3e-ed16-4148-bfb9-923969f0bcd6,ace01c06-4677-40cd-bb1d-0ce2e8630fef,,2026-03-14 15:19:21.983,qr_5a8fb46f
dfbdb752-7e23-42e2-9b6c-86ea85f56953,5a807382-4737-441b-9a14-a54fa18fd508,18cd5b92-d2c7-44c4-be1e-ee76bddf90f7,,2026-02-23 15:19:21.984,qr_cc20d820
899ed3d5-e5b2-4c73-8f3c-bd6bd76d37a1,a91dac93-377c-48e1-97b0-4eb3b61e53a3,90ec8d7a-0a80-4ec0-8221-29c4bed09b78,,2026-02-21 15:19:21.984,qr_dcb2ce45
c23e600e-4a48-45a3-8ce2-8ca4bf371453,d7e099b1-1ca7-4dac-b107-08f3c7106a60,3beeb6f2-ddf0-480e-a693-a64ffa5bb810,,2026-03-11 15:19:21.985,qr_c19d0b9b
9e7ab4d2-3ec7-44c9-a41f-8d01e5265825,08451ca8-2fb6-45a5-8029-f7df481edc36,273915ba-cb64-45ea-8921-f1a49234eb3e,,2026-02-25 15:19:21.985,qr_66dce333
6c0160ab-ac5f-4bdb-a766-86a1107a84c6,35637bf2-1c66-4a9f-a7e5-c49114d0198b,025164fb-b247-405d-a6ef-87432c7a883d,,2026-02-28 15:19:21.986,qr_a1962217
93aac962-330c-4c7b-adee-d31bb6f42a43,0eb813bd-3187-4f0c-9b28-012709bdd46c,025164fb-b247-405d-a6ef-87432c7a883d,,2026-02-21 15:19:21.987,qr_04cc8c28
705c5f62-bd54-415f-9136-84759a3809fe,f63ec813-3a1c-45d8-9b48-42a3485a1f8b,025164fb-b247-405d-a6ef-87432c7a883d,,2026-03-14 15:19:21.988,qr_59b0ac86
45817d3e-9c10-4dc7-b570-dda8e18fe6de,81f417cb-ce9d-4fa2-b08e-6f898e1edbeb,8ae1627b-fab3-402f-813a-1ba81dfee355,,2026-03-08 15:19:21.988,qr_b45644d5
d833afe7-548e-4d4e-af81-3341f2ca54c8,43a0fe9d-2407-4be8-94db-299355410786,8ae1627b-fab3-402f-813a-1ba81dfee355,,2026-02-21 15:19:21.989,qr_037a29a3
5e2ed34c-2099-4025-b504-f66e7e90ebd8,d34480a3-d6fa-4d5f-8525-7e6b8eca7dd1,f3fa6d13-f146-4a6f-bca9-c8aaacb7c180,,2026-03-06 15:19:21.990,qr_221082b7
57bc4ef7-16d3-4228-bdf6-ef71968db982,60055c90-72ab-406c-88e8-6ec240e43d64,f907683b-b38f-46bd-a7a8-7afd898246fa,,2026-03-06 15:19:21.991,qr_892fe34b
542dbf76-22be-415e-a9ab-0cfd554f8ac4,952f67ab-b948-48a4-8c56-abc73d5ef2d4,f01f72af-b8b9-4307-8d0d-ab4268c4eeac,,2026-03-15 15:19:21.992,qr_dafb8fb1
e295e037-9938-40bc-8c99-5d407e14d90a,f90791e3-62d3-4448-832c-58e6a9b762c2,18cd5b92-d2c7-44c4-be1e-ee76bddf90f7,,2026-03-04 15:19:21.992,qr_788b7817
ee40e098-f265-4aef-9a77-2ca77c1dd4e9,9a294617-64a1-44ee-8aff-7bbec1b6d97e,90ec8d7a-0a80-4ec0-8221-29c4bed09b78,,2026-03-13 15:19:21.993,qr_144d7613
37816e5d-a24a-4109-9a5d-7eb83a33a3dd,5bc04554-35d1-466a-901e-bf6a4e02a811,871cedb9-06fe-4175-a3fa-839a14c53219,,2026-03-01 15:19:21.993,qr_68ce2cac
5098ccab-20d9-4ba3-82ff-7fdaf0f39628,5a807382-4737-441b-9a14-a54fa18fd508,a418507d-2dda-4574-b28f-a7944c7b99fe,,2026-02-20 15:19:21.994,qr_9be4f2b7
cb9b3b69-121e-4507-b684-58e32d2f9d96,99624f39-44a6-4f50-82a1-86b4498ab5d6,149dca0c-2d06-402a-a468-0d667c3f9728,,2026-03-13 15:19:21.994,qr_6888f775
722e1c0c-8177-4032-a808-44c9a5be9398,1b27cbc4-3a52-472a-b4f7-b711f90600ba,4fa771ca-11d2-4a7d-830a-809082703291,,2026-02-17 15:19:21.995,qr_8d49ca73
fca9b98e-2e8e-4d1f-b10d-4b66255e6091,b5ed048e-87ea-4e0e-b843-70a8c3800821,871cedb9-06fe-4175-a3fa-839a14c53219,,2026-03-11 15:19:21.996,qr_bbf4b0bc
1eeb4c15-e36d-484b-88cf-a745b633d4dc,cffaf07c-5e91-4c30-bf7f-63779a296454,d45ccda3-7a54-4539-9841-03584afff27f,,2026-03-02 15:19:21.996,qr_376a5897
ceee3480-a80d-4b42-945a-8791513f9827,88d0cb02-6bcb-4a1d-a8f3-497be5527524,db5552dd-91c6-49c0-bdbb-a6ad72fe9967,,2026-03-17 15:19:21.997,qr_42d4d014
867d21ed-cf65-4fb7-9f6b-4066fc8fe9bd,49594c00-b1d0-498a-b817-a7211fcb2f37,025164fb-b247-405d-a6ef-87432c7a883d,,2026-03-18 15:19:21.998,qr_00be2719
48da0929-4f01-47d4-a73d-d95cc85494ef,cf2986c4-d916-49b8-8af8-e907fca9b690,428b7470-f951-4db9-8ed8-1bb45798c15b,,2026-02-19 15:19:21.999,qr_fd6cc516
aa2e1bf8-9bf8-44e8-b525-f345c84ff5f1,b6a4eee0-af07-42c7-a4a1-0f1b8990de68,f01f72af-b8b9-4307-8d0d-ab4268c4eeac,,2026-03-15 15:19:22.000,qr_3eb429f6
e1bad1f3-bdd2-42c0-adbe-21166c84859f,60cf6a4d-37a6-4c2d-b6cb-dfd8618e50d6,18cd5b92-d2c7-44c4-be1e-ee76bddf90f7,,2026-03-05 15:19:22.001,qr_a6a6218e
aeebd851-e6da-43d7-b8b4-69a0f856f7c5,544f6cd5-5878-402f-9adf-570847a79696,c477818f-9cc3-47b7-9a8e-f596f39db643,,2026-03-16 15:19:22.001,qr_b60bb61c
fba5172b-958a-42e2-a32a-4016cb54fd46,5db7d277-984a-486a-8b2c-9b5948345a6d,c477818f-9cc3-47b7-9a8e-f596f39db643,,2026-02-18 15:19:22.002,qr_1415989d
8ed08369-ae46-4e59-af1a-7459de975654,43a0fe9d-2407-4be8-94db-299355410786,eba557ce-e134-4eab-b7e4-dec55e027c6b,,2026-03-12 15:19:22.003,qr_c1e6af10
9b5f3424-4150-4cce-8417-0fb85438fcc8,544f6cd5-5878-402f-9adf-570847a79696,724764e7-ff07-470c-b57a-99c5236e77ee,,2026-02-20 15:19:22.004,qr_d1297562
5dd4e624-6b6f-47e0-9cb2-2545b3c921ab,b5ed048e-87ea-4e0e-b843-70a8c3800821,db5552dd-91c6-49c0-bdbb-a6ad72fe9967,,2026-02-27 15:19:22.005,qr_258c88ee
34a9bd09-6625-469b-83a5-c7211033d1ab,5d877a2c-fecd-4d52-b60c-027c8ce709d2,7b878734-1d4a-4fa9-bd7a-77c3180bf45a,,2026-03-09 15:19:22.006,qr_fc647d23
27a431a0-0b12-4b21-bf36-b04f15615b3f,efa4c015-3136-4a8c-9dcb-7986d2163674,3beeb6f2-ddf0-480e-a693-a64ffa5bb810,,2026-03-02 15:19:22.007,qr_3deab62d
4e08aed3-d0ca-443c-8f28-60b0f9d82d1b,0f1fbcba-a49d-4556-a38d-e89e2736f709,ab0a81d1-9e97-44f4-867c-411ba9799bbe,,2026-03-12 15:19:22.008,qr_587a244f
35845318-a2c9-42e7-b73c-039ba5df74d3,50cc7cdb-c012-453f-bd55-cfc143c04a1a,3beeb6f2-ddf0-480e-a693-a64ffa5bb810,,2026-03-14 15:19:22.008,qr_75c15438
b9ec35f4-009b-463b-8b37-18ac1627b340,2efa3ce3-3b7d-45a1-a621-4cd17a461aaa,33f7bc74-721f-4500-b374-b89287ea1a83,,2026-02-20 15:19:22.010,qr_0f172f8b
547a6888-753b-4ca8-a67e-b62b006e926b,ac238beb-9d9a-42f9-977c-7e968241ba59,93824d88-2df8-4304-9bb5-862d5a8e0548,,2026-02-21 15:19:22.010,qr_94522b3a
f8abb48b-ab76-45a2-af44-51a5a58fb35e,b6a4eee0-af07-42c7-a4a1-0f1b8990de68,a9bf4219-948f-4957-9e45-5e4949aaa023,,2026-03-08 15:19:22.012,qr_d44d3d8d
570fba1b-c984-4d95-9d5f-0898587f6e06,04316eb6-7108-4e8f-ad21-402bd71bc009,428b7470-f951-4db9-8ed8-1bb45798c15b,,2026-02-28 15:19:22.012,qr_5fb73a2c
86d32957-1270-495e-96c6-8502f417cf24,04703585-1f4d-4f1e-8ef9-bdde517013c2,cc09b50f-b2f4-469e-b259-ccf6ecb69a71,,2026-03-16 15:19:22.013,qr_66ad2f73
2405e3fa-2f68-4ba4-a41a-15324d01c585,82b86e28-380b-49a1-b39f-71fe625a8c30,eba557ce-e134-4eab-b7e4-dec55e027c6b,,2026-02-18 15:19:22.014,qr_db954312
3cdc1f19-921b-4ce3-a289-706648a1c24a,1713704d-bca8-4eef-bfe3-26e07ab2b811,867f0884-1b6f-4505-90e9-9177f1fdcb17,,2026-02-20 15:19:22.015,qr_e3774ea9
dd0a1260-9f71-4d8a-8d41-e2f2d17d27ea,2de5ebdf-3cc8-4789-ba23-39749abc265a,eb2d4d28-07e0-4e07-9d91-0a1969555ae9,,2026-02-27 15:19:22.016,qr_0ff4d308
4874a672-e794-428e-b679-8f2c432f5bff,d34480a3-d6fa-4d5f-8525-7e6b8eca7dd1,b1ec34d9-b435-41d5-859f-0d3786111920,,2026-03-13 15:19:22.017,qr_18d0bf0c
1a000d18-3d91-4b87-a841-a6772f6f4492,eeabf25d-0b51-41f3-9790-3cde3dd052ce,d45ccda3-7a54-4539-9841-03584afff27f,,2026-02-17 15:19:22.018,qr_fd96fe9f
a512ee11-9417-4d86-9255-fd2b67b5eaa3,4dc0f433-b40f-450f-ab5f-d6b81a23779b,a418507d-2dda-4574-b28f-a7944c7b99fe,,2026-02-24 15:19:22.018,qr_cd2338bc
0d156628-ef41-40db-b150-d10c2668eefe,b5dc73f3-d386-47b1-af5d-75e80b4e8ab7,db5552dd-91c6-49c0-bdbb-a6ad72fe9967,,2026-02-19 15:19:22.019,qr_c04fcb5f
fd56c39e-a5ac-4ba2-b435-4abaf5a612bb,4fac1881-cc71-495d-a004-d77eca388801,359761bb-19e4-4f0e-a4cd-760261b19dc5,,2026-02-18 15:19:22.020,qr_b5b40128
bf832024-93d8-46f5-af6b-13a1be1c9c81,9e9a9a25-204b-4c05-b378-252fb40a0f16,93824d88-2df8-4304-9bb5-862d5a8e0548,,2026-02-17 15:19:22.020,qr_924b0f9d
0393f621-0772-4577-bbe9-4a6b8b9dc5bb,b6a4eee0-af07-42c7-a4a1-0f1b8990de68,8ab136db-af7e-4428-a861-1d9c21aad10e,,2026-02-23 15:19:22.021,qr_dd382e61
8e5dadda-46c1-4961-9eb6-ce01c6d29521,4c40b937-f059-476c-ad8b-7720810c0e42,149dca0c-2d06-402a-a468-0d667c3f9728,,2026-03-03 15:19:22.022,qr_a3a04ea1
fc170bde-d2a2-4901-b095-d54a57c19c94,3e760ba7-bdbf-475b-96de-909113eab75f,9d534d4e-dc03-49d5-bc71-56dfe3fd6914,,2026-02-22 15:19:22.023,qr_145daced
dfba9333-4934-4747-aaf5-05eab73738a8,952f67ab-b948-48a4-8c56-abc73d5ef2d4,753d1fa8-d7c2-4240-80b1-7b875fbac6f7,,2026-03-07 15:19:22.024,qr_0ee6a3fd
d1e9c3ca-6575-4572-bb39-46a9fc2fcafb,e3842d3b-61c1-4097-bc78-5052a269e064,3beeb6f2-ddf0-480e-a693-a64ffa5bb810,,2026-03-15 15:19:22.025,qr_99c38e7e
3d3694e2-4d87-43d3-b768-de24e354a051,d86195b9-4233-4cc6-865e-cb5795b5c8a9,d6413f44-7949-4eca-9f13-1ad1e6b8395d,,2026-02-22 15:19:22.026,qr_8033a4dc
0a919d4f-1a3c-47cf-9128-a28a313e6476,3e760ba7-bdbf-475b-96de-909113eab75f,cc09b50f-b2f4-469e-b259-ccf6ecb69a71,,2026-03-04 15:19:22.027,qr_28ea966b
2802719b-3cee-43ef-a8e3-4917f1d02f6d,f90791e3-62d3-4448-832c-58e6a9b762c2,867f0884-1b6f-4505-90e9-9177f1fdcb17,,2026-03-12 15:19:22.028,qr_24e812ce
66100f22-b71c-4480-8d02-5c3a2eb77212,08451ca8-2fb6-45a5-8029-f7df481edc36,867f0884-1b6f-4505-90e9-9177f1fdcb17,,2026-03-04 15:19:22.029,qr_fa6460f2
3b4b182e-809d-409b-a9fd-0d44f211e5e8,81f417cb-ce9d-4fa2-b08e-6f898e1edbeb,9009c29d-cd16-4a41-8ca4-87e78cabe5b4,,2026-02-26 15:19:22.030,qr_e95e103f
27f235ff-4ec4-417f-b280-8bae6e253a06,1c6992ed-af51-4232-998b-23c8e70b652c,ace01c06-4677-40cd-bb1d-0ce2e8630fef,,2026-02-23 15:19:22.031,qr_59ff5db6
ce1d702b-70b3-4293-a861-28ddcea49c33,4fac1881-cc71-495d-a004-d77eca388801,7b878734-1d4a-4fa9-bd7a-77c3180bf45a,,2026-03-12 15:19:22.032,qr_58735396
124f80a5-f401-42fe-95a7-1923d16051f3,a91dac93-377c-48e1-97b0-4eb3b61e53a3,8ae1627b-fab3-402f-813a-1ba81dfee355,,2026-03-18 15:19:22.033,qr_64c09e40
884c721f-da35-4d59-8e82-e8a6e275b896,c73880b0-8c40-4b5c-aae9-8d81004c8326,33f7bc74-721f-4500-b374-b89287ea1a83,,2026-02-24 15:19:22.033,qr_15e54a03
ab509704-c9cf-496d-9a75-bde0ea053d03,eebf0298-9f3f-42bd-a1ef-02207c69ab72,428b7470-f951-4db9-8ed8-1bb45798c15b,,2026-02-23 15:19:22.034,qr_929cfa6e
89aeca0e-2685-400e-b2c5-a459391912e4,3e760ba7-bdbf-475b-96de-909113eab75f,273915ba-cb64-45ea-8921-f1a49234eb3e,,2026-03-04 15:19:22.035,qr_4b5b3743
c0faaea1-139b-43e0-acb4-f1afa1032401,04703585-1f4d-4f1e-8ef9-bdde517013c2,a418507d-2dda-4574-b28f-a7944c7b99fe,,2026-03-01 15:19:22.036,qr_8e7a434f
0b978d0f-718c-4e6b-83d0-bf0e664d4b4d,4c699e1a-e949-4914-a420-0b295837f783,6f381af7-99fb-4d73-907e-001929f58a62,,2026-03-03 15:19:22.037,qr_3fcc230c
337b2cb2-3612-4c2f-b965-b79a4380d1d6,a3b2735e-8f22-4d93-bf4d-bb98f0cd9572,d5dfcb90-4f5c-4ce0-9225-e0ce92aea046,,2026-03-18 15:19:22.038,qr_4e220d04
845716a0-4535-4775-b015-41fb1ce12888,cffaf07c-5e91-4c30-bf7f-63779a296454,9d6b03e7-6dd6-4592-9eeb-d9e3bd85567d,,2026-03-15 15:19:22.038,qr_c91568f2
6d35f54e-5ffa-49d2-a136-f1900c6c4af6,9e9a9a25-204b-4c05-b378-252fb40a0f16,359761bb-19e4-4f0e-a4cd-760261b19dc5,,2026-03-06 15:19:22.039,qr_5591f96d
e0e9a710-2c2f-4636-a8d2-d75eaa915713,0f1fbcba-a49d-4556-a38d-e89e2736f709,c477818f-9cc3-47b7-9a8e-f596f39db643,,2026-02-25 15:19:22.040,qr_44e10172
dd635032-1cae-4604-ac25-b73ccaf8f5ad,4c40b937-f059-476c-ad8b-7720810c0e42,3beeb6f2-ddf0-480e-a693-a64ffa5bb810,,2026-03-07 15:19:22.041,qr_b9a5d922
fb8ea980-20c1-4e10-81eb-a76599f8c521,a91dac93-377c-48e1-97b0-4eb3b61e53a3,076677af-ae78-4f4d-a0a4-fed320324add,,2026-02-24 15:19:22.042,qr_0e1cf82a
9be54adb-7613-4e60-ba44-0eaf815ac3b7,2efa3ce3-3b7d-45a1-a621-4cd17a461aaa,d45ccda3-7a54-4539-9841-03584afff27f,,2026-02-25 15:19:22.043,qr_da82e3bb
96ff12df-a616-4d61-b5ad-aae3dcac7e4b,35637bf2-1c66-4a9f-a7e5-c49114d0198b,3e022a2a-06fe-4cfc-a1b5-af39afbc799b,,2026-03-04 15:19:22.043,qr_4c8b3b42
213a2ad0-078e-48b7-8f3a-6a06c40bb427,34e8dde8-ebdf-495f-81df-934a49797b36,9009c29d-cd16-4a41-8ca4-87e78cabe5b4,,2026-03-09 15:19:22.044,qr_be6109f7
116c2c7a-3fbd-4918-8bfd-518c1c24764c,e41e510f-147e-43cb-9ff9-a884822442c7,0cb1256f-a596-4972-9538-58c4d7998883,,2026-02-27 15:19:22.045,qr_982a86e3
007a5f8a-b620-4ab2-9b4a-c498757b5b89,4a3adbd6-19d6-4408-91ca-63119a4d4218,cc09b50f-b2f4-469e-b259-ccf6ecb69a71,,2026-02-22 15:19:22.046,qr_aa723f3c
9b6530cb-42b9-4920-88d2-461ad66fb7b9,43041815-e118-4049-a65c-928ce5079c0d,9cc8f230-8eb7-4baf-91aa-3476c5da3768,,2026-03-12 15:19:22.047,qr_4a8084c5
fbdbb4d2-7731-4593-b173-4e83583d9a54,b5ed048e-87ea-4e0e-b843-70a8c3800821,17421e06-2d29-46bf-b4cc-96fdd85e0723,,2026-03-11 15:19:22.047,qr_0c2342b2
fc331ad2-76b4-4100-9e79-93ef8468d899,c029ea2d-2f55-4b11-8d50-7f9289803c42,b2f30c04-b73c-4323-84be-b1c906a48557,,2026-03-18 15:19:22.048,qr_eade2c95
85ba18c3-22d4-423e-901f-f5cd0dca25f5,874cceda-d069-4356-a666-dae3f04f8f0b,4fa771ca-11d2-4a7d-830a-809082703291,,2026-03-18 15:19:22.049,qr_0c2c5a5e
cf3025a0-6f7e-43bc-a9e4-e19d26204017,be6d4ef9-3e24-4aa6-9581-fdcf554bf0ac,b1ec34d9-b435-41d5-859f-0d3786111920,,2026-03-12 15:19:22.050,qr_16ec408b
cbd2d14d-1f20-4e6b-a0e1-e12c8d774d29,a203669c-7093-4f11-a613-0eca13d0958f,076677af-ae78-4f4d-a0a4-fed320324add,,2026-02-18 15:19:22.050,qr_d4da7748
44c25bf8-0752-4a56-a066-c82f180cb61e,2efa3ce3-3b7d-45a1-a621-4cd17a461aaa,17421e06-2d29-46bf-b4cc-96fdd85e0723,,2026-02-20 15:19:22.051,qr_f9ce22b4
c3e292b1-fa87-47cc-8074-ed1e5afcbc72,be351f36-e076-4db6-a66e-2b2c4b249567,428b7470-f951-4db9-8ed8-1bb45798c15b,,2026-03-13 15:19:22.052,qr_f3e23317
967d9f3c-42ad-44f6-a33a-4b2e63f67a42,b6a4eee0-af07-42c7-a4a1-0f1b8990de68,cc09b50f-b2f4-469e-b259-ccf6ecb69a71,,2026-03-02 15:19:22.053,qr_032b24a0
0d0de5f0-3ccd-4e4e-b496-608e301626fc,d93d3174-edb5-47e5-a666-4760c8ae0feb,0cb1256f-a596-4972-9538-58c4d7998883,,2026-03-08 15:19:22.054,qr_57422085
736df5d4-dbe7-4aab-89c9-baf323447e8a,d4326384-2a6d-449c-b9a9-d8ba4a6bd781,273915ba-cb64-45ea-8921-f1a49234eb3e,,2026-02-26 15:19:22.054,qr_df7bd05b
903beb94-b898-4847-9c68-6032a7122d7e,a203669c-7093-4f11-a613-0eca13d0958f,eba557ce-e134-4eab-b7e4-dec55e027c6b,,2026-03-12 15:19:22.055,qr_a0853d27
d0217a8f-8d1e-4d10-9598-825e2cd836cf,10eed5ff-8933-404e-aadb-5864f036e0ea,3e022a2a-06fe-4cfc-a1b5-af39afbc799b,,2026-03-05 15:19:22.056,qr_a38ac077
a389ea4f-8a55-4fa4-805f-c3b5de90c3ae,b5ed048e-87ea-4e0e-b843-70a8c3800821,0cb1256f-a596-4972-9538-58c4d7998883,,2026-03-12 15:19:22.057,qr_adb93723
82fd1c32-6009-4960-984e-b1755bed4d6e,7bb8482a-941c-4fd3-ba41-cca1c440a836,9009c29d-cd16-4a41-8ca4-87e78cabe5b4,,2026-03-08 15:19:22.057,qr_41e72b27
e0cc6374-c2b4-40c9-a744-95176edb87cd,0422ae3e-ed16-4148-bfb9-923969f0bcd6,b1ec34d9-b435-41d5-859f-0d3786111920,,2026-03-06 15:19:22.058,qr_b3fabf0f
0cfa34d4-f77d-4b1b-be98-10a53345b5c3,2de5ebdf-3cc8-4789-ba23-39749abc265a,7b878734-1d4a-4fa9-bd7a-77c3180bf45a,,2026-03-12 15:19:22.059,qr_a0fa4056
192cd128-c3c6-4954-b33e-290129e74b9c,1c6992ed-af51-4232-998b-23c8e70b652c,3e022a2a-06fe-4cfc-a1b5-af39afbc799b,,2026-03-16 15:19:22.060,qr_25cfc854
1f9f81d7-14b3-4ed2-94f5-96d47123ff33,be351f36-e076-4db6-a66e-2b2c4b249567,d5dfcb90-4f5c-4ce0-9225-e0ce92aea046,,2026-02-27 15:19:22.060,qr_9a9cc2e7
fc7db655-0d97-48a6-92d3-73ef1e2ead45,eebf0298-9f3f-42bd-a1ef-02207c69ab72,bf940740-0ebd-4a03-80ec-1067a0607b7e,,2026-03-16 15:19:22.061,qr_bca274fd
2c4e0cc8-b606-4910-a348-82dc7c4d87bc,6221c0e0-95ee-4508-9e61-519f6d8756e9,17421e06-2d29-46bf-b4cc-96fdd85e0723,,2026-02-22 15:19:22.062,qr_a3d1c473
784ef050-3ec6-467c-b41f-9e0f1e9184ed,a7f2d0e4-33af-48ec-867e-76744570364b,f01f72af-b8b9-4307-8d0d-ab4268c4eeac,,2026-03-15 15:19:22.063,qr_85a74c2e
24fe6be6-b297-4c42-8320-7c5743b843aa,0eb813bd-3187-4f0c-9b28-012709bdd46c,f3fa6d13-f146-4a6f-bca9-c8aaacb7c180,,2026-03-10 15:19:22.063,qr_6d6c7758
7bc4c377-c2df-48a8-86c4-03e979d77e01,5db7d277-984a-486a-8b2c-9b5948345a6d,90ec8d7a-0a80-4ec0-8221-29c4bed09b78,,2026-02-26 15:19:22.064,qr_0e99fd89
96e0f9ed-6df5-49fa-bc06-38ed3c82c6cd,15d57ad2-e066-4213-b0b4-c467cf783f82,c477818f-9cc3-47b7-9a8e-f596f39db643,,2026-02-26 15:19:22.065,qr_be7692ec
8df26a5a-2c37-4cf6-913c-46d4bc0bf901,1713704d-bca8-4eef-bfe3-26e07ab2b811,f01f72af-b8b9-4307-8d0d-ab4268c4eeac,,2026-03-18 15:19:22.065,qr_a511fab8
dd38eb73-a238-4eb6-a8d7-e5bd1484ee78,fed73d8e-35f7-4d6b-bb34-2d886dc08287,eb2d4d28-07e0-4e07-9d91-0a1969555ae9,,2026-03-06 15:19:22.066,qr_31b35a5a
0fa32a40-00c8-4720-85f0-7ef056e391c1,88d0cb02-6bcb-4a1d-a8f3-497be5527524,ebfcf253-670a-4ee8-a549-32498bdca5ff,,2026-02-23 15:19:22.067,qr_8eec5626
bf1dee67-2f64-4c67-b5da-9a041d61b9e8,fed73d8e-35f7-4d6b-bb34-2d886dc08287,9009c29d-cd16-4a41-8ca4-87e78cabe5b4,,2026-02-28 15:19:22.068,qr_7187a4be
3d391fe9-ea1e-4783-8f5c-605df889f75a,d4326384-2a6d-449c-b9a9-d8ba4a6bd781,a418507d-2dda-4574-b28f-a7944c7b99fe,,2026-03-18 15:19:22.068,qr_03defed4
8968a677-7ba1-46d4-bc49-092f21ad0f9a,6c752522-2c72-4ddb-92ad-62255221e64a,d45ccda3-7a54-4539-9841-03584afff27f,,2026-02-23 15:19:22.069,qr_5a0fc50d
0a5a8f11-0044-4fdd-91dd-502aea5ada51,3e9d43b0-6ccf-4d07-b4b6-d8ebe0641a77,8ae1627b-fab3-402f-813a-1ba81dfee355,,2026-03-11 15:19:22.070,qr_ee9a350a
1c4c1a8b-b34f-4b51-aa4d-46f32d2dbdc4,277e987b-a059-4dec-af1f-ba96e3c6a85a,db5552dd-91c6-49c0-bdbb-a6ad72fe9967,,2026-03-07 15:19:22.071,qr_b5a9cb0b
e8f74280-0ac6-4fd5-b758-8ab2e7f30c62,43a0fe9d-2407-4be8-94db-299355410786,7b878734-1d4a-4fa9-bd7a-77c3180bf45a,,2026-03-12 15:19:22.072,qr_5de07152
51a98579-37a8-4582-9aa5-dafa62b64e7a,b5dc73f3-d386-47b1-af5d-75e80b4e8ab7,f01f72af-b8b9-4307-8d0d-ab4268c4eeac,,2026-03-12 15:19:22.073,qr_bb33e990
b0a31d31-fe7e-42ec-8649-c6ec5996c719,ef0ee256-9549-4d63-8087-6c16081bd5e6,4fa771ca-11d2-4a7d-830a-809082703291,,2026-02-23 15:19:22.074,qr_488af1f8
db5b4cb9-d006-4c41-8448-74435d4ea2a0,c73880b0-8c40-4b5c-aae9-8d81004c8326,d6413f44-7949-4eca-9f13-1ad1e6b8395d,,2026-03-04 15:19:22.074,qr_bd491c3d
a3a9a183-f426-48db-8e98-f6d63b5fd4b6,10eed5ff-8933-404e-aadb-5864f036e0ea,f3fa6d13-f146-4a6f-bca9-c8aaacb7c180,,2026-03-10 15:19:22.075,qr_5b93c658
050b3d6f-3c6a-4063-9787-cec2d97e9c57,7a3a9c11-6e7c-4787-bf8f-12e304cfe23d,f907683b-b38f-46bd-a7a8-7afd898246fa,,2026-02-21 15:19:22.076,qr_5689554f
46df090b-1950-4198-95a8-c2882fe26269,0eb813bd-3187-4f0c-9b28-012709bdd46c,d6413f44-7949-4eca-9f13-1ad1e6b8395d,,2026-03-05 15:19:22.077,qr_97b9af3e
d305b4b9-f0e1-4351-a807-f98efb7eed6f,d7ce9a4e-ab23-4058-9ed7-04f8a8377e0d,f3fa6d13-f146-4a6f-bca9-c8aaacb7c180,,2026-03-18 15:19:22.077,qr_6e73d349
afdf861b-cad0-4f9c-9e57-374058658878,43e96969-a200-4848-ab8c-e33011b79aea,a418507d-2dda-4574-b28f-a7944c7b99fe,,2026-02-23 15:19:22.078,qr_1c11d963
1c085733-6a44-4f8a-8364-279c377844f6,cb2888ed-5460-4728-8b91-ed750b2268b5,8ae1627b-fab3-402f-813a-1ba81dfee355,,2026-03-11 15:19:22.078,qr_e839fa3e
c36278fa-9d14-4e36-8263-486935f30074,3189a985-4b72-42f8-b615-cd01c585ca88,7b878734-1d4a-4fa9-bd7a-77c3180bf45a,,2026-03-17 15:19:22.079,qr_e5bc2523
83e4df72-31e2-4c73-a6b3-136a72461c5f,43041815-e118-4049-a65c-928ce5079c0d,149dca0c-2d06-402a-a468-0d667c3f9728,,2026-02-25 15:19:22.080,qr_ef3b98f7
8acce06f-73e3-40d4-8b41-7cac43d43728,dac76df2-ffa2-457e-9a2d-424bcd283830,b2f30c04-b73c-4323-84be-b1c906a48557,,2026-02-19 15:19:22.080,qr_0246c9b9
8f19778a-21ea-47be-b4a3-8634a7544890,a7f2d0e4-33af-48ec-867e-76744570364b,8ab136db-af7e-4428-a861-1d9c21aad10e,,2026-03-08 15:19:22.081,qr_b461a76c
af33fa21-8d75-4204-a001-e8864d6f23de,b6a4eee0-af07-42c7-a4a1-0f1b8990de68,025164fb-b247-405d-a6ef-87432c7a883d,,2026-02-26 15:19:22.081,qr_1bde0360
d95da402-64b2-4da0-b7e7-83091b5c5434,4a3adbd6-19d6-4408-91ca-63119a4d4218,67cb0aa5-09e1-40b9-b140-bfca04307b59,,2026-02-19 15:19:22.082,qr_46ced6ed
11bf905c-923f-4032-a4e9-02e35d1cb04e,d7ce9a4e-ab23-4058-9ed7-04f8a8377e0d,d45ccda3-7a54-4539-9841-03584afff27f,,2026-03-12 15:19:22.083,qr_568960c6
7574e920-6660-4502-8097-017f91ef1934,2efa3ce3-3b7d-45a1-a621-4cd17a461aaa,8ae1627b-fab3-402f-813a-1ba81dfee355,,2026-03-14 15:19:22.083,qr_8f30a413
57c2fb57-d351-4ecd-a355-350ed1f0ed46,be6d4ef9-3e24-4aa6-9581-fdcf554bf0ac,eba557ce-e134-4eab-b7e4-dec55e027c6b,,2026-03-13 15:19:22.084,qr_50d004a5
b6ff4a81-07cd-4d04-a50c-dfc23514117f,4c40b937-f059-476c-ad8b-7720810c0e42,33f7bc74-721f-4500-b374-b89287ea1a83,,2026-02-20 15:19:22.085,qr_c4c7f8e4
2d7e1d5b-d4d7-486c-824e-f52921dc0f49,cb2888ed-5460-4728-8b91-ed750b2268b5,076677af-ae78-4f4d-a0a4-fed320324add,,2026-03-02 15:19:22.086,qr_2499a34b
2061b923-2f20-41ee-9b89-f8d5de3da5f3,c73880b0-8c40-4b5c-aae9-8d81004c8326,9cc8f230-8eb7-4baf-91aa-3476c5da3768,,2026-02-23 15:19:22.087,qr_20bfc2f9
5ba8d360-fe80-4bfb-a18d-08e862b0c7f6,5bc04554-35d1-466a-901e-bf6a4e02a811,076677af-ae78-4f4d-a0a4-fed320324add,,2026-03-13 15:19:22.088,qr_2bb7f51e
f7c27591-8eb4-4634-ae1f-627280ff91ce,4fac1881-cc71-495d-a004-d77eca388801,4fa771ca-11d2-4a7d-830a-809082703291,,2026-03-13 15:19:22.089,qr_a4d6e866
9add8ef9-285c-4378-a5ea-c1a5410da2d3,5a807382-4737-441b-9a14-a54fa18fd508,d6413f44-7949-4eca-9f13-1ad1e6b8395d,,2026-02-28 15:19:22.090,qr_1976f913
ed6660d6-c24d-47a4-9572-0bb55e5872b3,a9df9181-3721-4a32-819e-ae3cbd3707d2,90ec8d7a-0a80-4ec0-8221-29c4bed09b78,,2026-02-26 15:19:22.091,qr_9a537d52
19657868-0507-442f-9b2a-29a9b5a69cfd,eeabf25d-0b51-41f3-9790-3cde3dd052ce,025164fb-b247-405d-a6ef-87432c7a883d,,2026-02-19 15:19:22.091,qr_6e0e88d2
9df9cc9c-e4c8-4fd7-b41c-5d2ca2d0a052,7bb8482a-941c-4fd3-ba41-cca1c440a836,359761bb-19e4-4f0e-a4cd-760261b19dc5,,2026-03-07 15:19:22.092,qr_42a972e6
0c956a06-5c7c-43db-b70b-97830ed665cd,d86195b9-4233-4cc6-865e-cb5795b5c8a9,025164fb-b247-405d-a6ef-87432c7a883d,,2026-03-13 15:19:22.092,qr_a4a73a7f
576af3dc-16b9-4bfb-a602-4c55ebc04167,35a5a7a5-01cf-4c03-96fb-e04b29af61ac,93824d88-2df8-4304-9bb5-862d5a8e0548,,2026-03-05 15:19:22.093,qr_194e1b6a
6d6732e5-7179-4507-a681-53abdbe4a22f,ac238beb-9d9a-42f9-977c-7e968241ba59,d6413f44-7949-4eca-9f13-1ad1e6b8395d,,2026-02-23 15:19:22.093,qr_3d2ef11e
22c2219f-7140-41f7-8089-419d7dd89985,4fac1881-cc71-495d-a004-d77eca388801,d6413f44-7949-4eca-9f13-1ad1e6b8395d,,2026-03-14 15:19:22.094,qr_e4696d0c
9e546cc4-dc7c-497e-a940-8faf172f343c,7b9d52ce-df59-4754-b4c4-b7ba26d12dbc,18cd5b92-d2c7-44c4-be1e-ee76bddf90f7,,2026-03-06 15:19:22.095,qr_289497e5
33bf3bfb-01b7-492e-ba10-b0dc503aa48a,952f67ab-b948-48a4-8c56-abc73d5ef2d4,724764e7-ff07-470c-b57a-99c5236e77ee,,2026-03-16 15:19:22.095,qr_6e3beb2a
f6382dac-5ce4-4197-af78-4696507f5600,99624f39-44a6-4f50-82a1-86b4498ab5d6,d45ccda3-7a54-4539-9841-03584afff27f,,2026-03-14 15:19:22.095,qr_d9780e1f
f552ced9-4342-45bc-89e0-aa8ca1516536,7a3a9c11-6e7c-4787-bf8f-12e304cfe23d,58ceb069-d55a-487c-b080-855d993b7109,,2026-03-13 15:19:22.096,qr_01826eaf
4304a736-95c4-4705-ada3-fc02c242f16c,d7e099b1-1ca7-4dac-b107-08f3c7106a60,92b3025b-3929-4918-816a-5759ec61a5e9,,2026-03-04 15:19:22.096,qr_faebe466
99c3010c-a78f-43b4-8774-9024097ec06c,eeabf25d-0b51-41f3-9790-3cde3dd052ce,67cb0aa5-09e1-40b9-b140-bfca04307b59,,2026-03-09 15:19:22.097,qr_72d89d7a
efb2d876-e89c-493c-9ea0-e9868ec17f98,60cf6a4d-37a6-4c2d-b6cb-dfd8618e50d6,d45ccda3-7a54-4539-9841-03584afff27f,,2026-02-27 15:19:22.097,qr_4a6d6ad5
02e82a13-ad9f-4cef-812b-e93ce85557cc,2efa3ce3-3b7d-45a1-a621-4cd17a461aaa,eba557ce-e134-4eab-b7e4-dec55e027c6b,,2026-03-08 15:19:22.098,qr_fe23c554
98cfea98-0a4d-481a-a816-13065240961f,ac238beb-9d9a-42f9-977c-7e968241ba59,8ab136db-af7e-4428-a861-1d9c21aad10e,,2026-03-03 15:19:22.099,qr_a7b5e6d7
0080bf99-a832-417f-9681-0d464504e454,a91dac93-377c-48e1-97b0-4eb3b61e53a3,871cedb9-06fe-4175-a3fa-839a14c53219,,2026-02-17 15:19:22.099,qr_1790d5ea
ebe97c2e-9488-4c4f-bce2-e503e43f47a4,4c699e1a-e949-4914-a420-0b295837f783,cc09b50f-b2f4-469e-b259-ccf6ecb69a71,,2026-03-18 15:19:22.100,qr_8c938b5e
aefe5282-882e-4616-8ef9-6ce77275925d,dac76df2-ffa2-457e-9a2d-424bcd283830,f01f72af-b8b9-4307-8d0d-ab4268c4eeac,,2026-03-06 15:19:22.100,qr_930bdca1
7b5b27ae-c4dd-4b57-b197-d30ad035a7f1,00db2a26-ced6-4f6a-b1e6-d2f71c5d8316,b1ec34d9-b435-41d5-859f-0d3786111920,,2026-03-03 15:19:22.100,qr_b5bfc285
f83ea089-ffdf-4e11-8476-f54fd93b12fd,49594c00-b1d0-498a-b817-a7211fcb2f37,92b3025b-3929-4918-816a-5759ec61a5e9,,2026-02-28 15:19:22.101,qr_9fc617aa
e478debe-0588-4d64-9b8a-5eabe3b37d92,5bc04554-35d1-466a-901e-bf6a4e02a811,cc09b50f-b2f4-469e-b259-ccf6ecb69a71,,2026-02-18 15:19:22.101,qr_54f91168
517352c5-36fe-49c1-8a1a-0f2055c7c60c,60cf6a4d-37a6-4c2d-b6cb-dfd8618e50d6,d6413f44-7949-4eca-9f13-1ad1e6b8395d,,2026-02-17 15:19:22.102,qr_bcf65800
b7746920-73db-4960-90d3-80b3650ec005,efa4c015-3136-4a8c-9dcb-7986d2163674,9c4ee923-36d1-4822-85fd-73a19a69d869,,2026-02-17 15:19:22.102,qr_79c1dc35
21962b8d-61a5-4dbb-9199-f5d715a3e9aa,a91dac93-377c-48e1-97b0-4eb3b61e53a3,db5552dd-91c6-49c0-bdbb-a6ad72fe9967,,2026-03-12 15:19:22.103,qr_27d591de
afeff444-9b61-448a-aed5-8ae19f26c69e,dac76df2-ffa2-457e-9a2d-424bcd283830,a9bf4219-948f-4957-9e45-5e4949aaa023,,2026-02-24 15:19:22.103,qr_a20c53d3
17a7c903-484e-40b2-af64-214f0dbf7bae,c208b9fc-90ea-44bd-bb94-e769a38d8ab2,428b7470-f951-4db9-8ed8-1bb45798c15b,,2026-02-24 15:19:22.104,qr_10d70a41
1ce9a195-50a8-42c9-a373-85d271579e99,d544ba73-9c39-40b8-96f0-dacf4c914d82,ace01c06-4677-40cd-bb1d-0ce2e8630fef,,2026-03-17 15:19:22.104,qr_89563af8
73d66113-e439-4efc-9028-3b48ab8c5666,2de5ebdf-3cc8-4789-ba23-39749abc265a,a9bf4219-948f-4957-9e45-5e4949aaa023,,2026-03-17 15:19:22.104,qr_249601ff
5fcdeafa-9529-4770-88de-aaedd040809b,6221c0e0-95ee-4508-9e61-519f6d8756e9,ab0a81d1-9e97-44f4-867c-411ba9799bbe,,2026-02-24 15:19:22.105,qr_da42ba5c
aa129534-2253-4e73-9849-3755b322f653,391f2161-61af-44d4-8dbf-77347ef93bd9,18cd5b92-d2c7-44c4-be1e-ee76bddf90f7,,2026-03-04 15:19:22.105,qr_b9c2e6ac
ad8802d8-3eb3-42c8-9df2-a8e05cae6156,08451ca8-2fb6-45a5-8029-f7df481edc36,9cc8f230-8eb7-4baf-91aa-3476c5da3768,,2026-03-11 15:19:22.106,qr_d424a6db
ee49f5f4-c3f2-4d25-9d8f-7d8b49a1d63a,9e9a9a25-204b-4c05-b378-252fb40a0f16,8ab136db-af7e-4428-a861-1d9c21aad10e,,2026-02-22 15:19:22.106,qr_d89259bd
7aeca03c-c18e-40d3-9145-da797b2694f3,4dc0f433-b40f-450f-ab5f-d6b81a23779b,d6413f44-7949-4eca-9f13-1ad1e6b8395d,,2026-02-24 15:19:22.107,qr_7ab175d8
e9505157-fa39-4b13-9f2c-1f0a56dc6c6c,a9df9181-3721-4a32-819e-ae3cbd3707d2,a9bf4219-948f-4957-9e45-5e4949aaa023,,2026-02-28 15:19:22.108,qr_122df656
dccae8da-0828-4fa5-9c3b-dbee9791dc9f,c029ea2d-2f55-4b11-8d50-7f9289803c42,428b7470-f951-4db9-8ed8-1bb45798c15b,,2026-02-17 15:19:22.108,qr_a08bccbe
42957acd-c9f7-46dc-8c48-7f9e25d99e33,c73880b0-8c40-4b5c-aae9-8d81004c8326,58ceb069-d55a-487c-b080-855d993b7109,,2026-03-05 15:19:22.109,qr_4b48598a
ba3604a5-993f-4d06-b833-c44b9b217a91,60cf6a4d-37a6-4c2d-b6cb-dfd8618e50d6,9c4ee923-36d1-4822-85fd-73a19a69d869,,2026-03-05 15:19:22.109,qr_753e7a7c
807ad042-956e-49ec-b20a-581d1d3dec37,e7b32a95-c19b-4788-aabf-76c71f1b1bf5,ebfcf253-670a-4ee8-a549-32498bdca5ff,,2026-03-09 15:19:22.110,qr_e0f5b4fa
54ac51db-ea7a-4dc3-8741-3b02cdebba0e,eebf0298-9f3f-42bd-a1ef-02207c69ab72,b2f30c04-b73c-4323-84be-b1c906a48557,,2026-03-01 15:19:22.110,qr_972a540c
17342be5-fa49-45a2-8e2c-30da4c8b4d99,0f1fbcba-a49d-4556-a38d-e89e2736f709,b1ec34d9-b435-41d5-859f-0d3786111920,,2026-03-09 15:19:22.110,qr_be18e954
95e98638-a1fb-4ea5-b19a-96848f43a59e,99624f39-44a6-4f50-82a1-86b4498ab5d6,92b3025b-3929-4918-816a-5759ec61a5e9,,2026-02-28 15:19:22.111,qr_be7424c7
dbea53b3-10ae-4a1b-9f08-8a964d228023,9e9a9a25-204b-4c05-b378-252fb40a0f16,9cc8f230-8eb7-4baf-91aa-3476c5da3768,,2026-03-14 15:19:22.111,qr_8d0a66d6
45ffc2d8-5b4b-4960-8b9e-83af4393d3be,c208b9fc-90ea-44bd-bb94-e769a38d8ab2,149dca0c-2d06-402a-a468-0d667c3f9728,,2026-03-12 15:19:22.112,qr_a5edf554
33742597-6e0e-4040-b1d3-9fa6568319ae,9e9a9a25-204b-4c05-b378-252fb40a0f16,92b3025b-3929-4918-816a-5759ec61a5e9,,2026-03-09 15:19:22.112,qr_67b53dae
f9aa751d-54fc-415f-973b-40604132f6c5,4dac49cd-8b50-4478-bc29-4463456cc74f,9d6b03e7-6dd6-4592-9eeb-d9e3bd85567d,,2026-03-13 15:19:22.113,qr_f7fac34f
c1a81d5c-070e-4f6c-9c5e-d1f90aea484e,7b9d52ce-df59-4754-b4c4-b7ba26d12dbc,867f0884-1b6f-4505-90e9-9177f1fdcb17,,2026-03-16 15:19:22.114,qr_9d79ceac
fbbad583-9707-4539-9dce-5ad32131b1c3,d4326384-2a6d-449c-b9a9-d8ba4a6bd781,b2f30c04-b73c-4323-84be-b1c906a48557,,2026-03-05 15:19:22.114,qr_65337f0b
6f839378-dd51-4ed6-b81b-6039f5f72fab,f90791e3-62d3-4448-832c-58e6a9b762c2,428b7470-f951-4db9-8ed8-1bb45798c15b,,2026-03-07 15:19:22.115,qr_a2bbf87c
e3c77b61-56a7-4691-9358-c0e7f87b35ad,1713704d-bca8-4eef-bfe3-26e07ab2b811,149dca0c-2d06-402a-a468-0d667c3f9728,,2026-03-14 15:19:22.115,qr_2faa8df8
97f02852-419f-4fa7-9c48-34f57740c8a5,81f417cb-ce9d-4fa2-b08e-6f898e1edbeb,4fa771ca-11d2-4a7d-830a-809082703291,,2026-03-13 15:19:22.116,qr_ca87e949
3dee98a0-cc55-4a1c-9ce7-e91d892fc36b,3189a985-4b72-42f8-b615-cd01c585ca88,a9bf4219-948f-4957-9e45-5e4949aaa023,,2026-03-15 15:19:22.116,qr_9f979c25
cc6acb15-e088-443d-a6e7-f4c4a83b6423,43a0fe9d-2407-4be8-94db-299355410786,4fa771ca-11d2-4a7d-830a-809082703291,,2026-02-20 15:19:22.117,qr_c5846421
4b80b0a4-4bd1-4289-a198-d9bd2582036f,efa4c015-3136-4a8c-9dcb-7986d2163674,8ae1627b-fab3-402f-813a-1ba81dfee355,,2026-03-12 15:19:22.117,qr_3e98e0e2
2ff08d07-b6b3-4a19-8ad8-fd84410629b2,7bb8482a-941c-4fd3-ba41-cca1c440a836,6f381af7-99fb-4d73-907e-001929f58a62,,2026-03-13 15:19:22.118,qr_9bce3b4a
071d8b86-b976-484c-a8c6-72bf7aae0bca,5a807382-4737-441b-9a14-a54fa18fd508,58ceb069-d55a-487c-b080-855d993b7109,,2026-02-18 15:19:22.118,qr_35bdf53c
11cd1606-ca20-4533-ad97-4e9bdaea7de7,99624f39-44a6-4f50-82a1-86b4498ab5d6,9d6b03e7-6dd6-4592-9eeb-d9e3bd85567d,,2026-02-17 15:19:22.119,qr_778681c0
92864655-ddb2-4eb9-80e7-2c0a9a9168f6,aaa931c2-2d7d-4680-957f-46e3ccf2979a,93824d88-2df8-4304-9bb5-862d5a8e0548,,2026-03-09 15:19:22.119,qr_08c8458a
fb02f6ee-ab1d-4621-9d4a-7df9990aa74f,5a807382-4737-441b-9a14-a54fa18fd508,149dca0c-2d06-402a-a468-0d667c3f9728,,2026-03-15 15:19:22.120,qr_78183287
73563de3-48c9-4eac-8cfd-032ef2eb6c63,e7b32a95-c19b-4788-aabf-76c71f1b1bf5,076677af-ae78-4f4d-a0a4-fed320324add,,2026-03-08 15:19:22.120,qr_8f51cfaf
85b087eb-d257-4b2c-aaaf-32082bdd3db6,60cf6a4d-37a6-4c2d-b6cb-dfd8618e50d6,9d6b03e7-6dd6-4592-9eeb-d9e3bd85567d,,2026-03-11 15:19:22.120,qr_9f1f11c6
e3a48a8e-f761-47e0-8b7a-c1facddbe43a,3189a985-4b72-42f8-b615-cd01c585ca88,d6413f44-7949-4eca-9f13-1ad1e6b8395d,,2026-02-25 15:19:22.121,qr_568a19a9
98e2274b-e592-4ebb-9f21-b615487e20e6,1c6992ed-af51-4232-998b-23c8e70b652c,eba557ce-e134-4eab-b7e4-dec55e027c6b,,2026-03-10 15:19:22.121,qr_471c7f41
c6846140-76b4-41a6-9cb9-bcadbe192421,f1edb154-093c-41e3-91f6-c6ae72e63461,867f0884-1b6f-4505-90e9-9177f1fdcb17,,2026-02-28 15:19:22.122,qr_5b775d73
7b62f389-33f9-4807-9f44-399fcccc0c3c,3e760ba7-bdbf-475b-96de-909113eab75f,d6413f44-7949-4eca-9f13-1ad1e6b8395d,,2026-03-12 15:19:22.122,qr_4ce56333
82d635da-3df6-4839-a245-85a4900a0f4b,544f6cd5-5878-402f-9adf-570847a79696,9009c29d-cd16-4a41-8ca4-87e78cabe5b4,,2026-03-18 15:19:22.123,qr_601f944e
accf8518-9a2f-4aad-b25c-67e74242f028,e41e510f-147e-43cb-9ff9-a884822442c7,867f0884-1b6f-4505-90e9-9177f1fdcb17,,2026-03-02 15:19:22.123,qr_5b232be8
26ef0980-c5c2-486b-8498-c9d9fb53aa7b,0eb813bd-3187-4f0c-9b28-012709bdd46c,67cb0aa5-09e1-40b9-b140-bfca04307b59,,2026-03-08 15:19:22.124,qr_1d79c66e
3859f36a-7e61-4a0b-a380-5284fedce3c9,be6d4ef9-3e24-4aa6-9581-fdcf554bf0ac,db5552dd-91c6-49c0-bdbb-a6ad72fe9967,,2026-02-25 15:19:22.124,qr_ee0a52b2
774c0d53-b9f5-4039-bb18-417658163c26,9a294617-64a1-44ee-8aff-7bbec1b6d97e,6f381af7-99fb-4d73-907e-001929f58a62,,2026-03-17 15:19:22.125,qr_b2b3c266
0cf9e01c-1fcd-43ac-b65e-25a3422a617c,d93d3174-edb5-47e5-a666-4760c8ae0feb,db5552dd-91c6-49c0-bdbb-a6ad72fe9967,,2026-02-19 15:19:22.125,qr_b5ec0e33
96b35e45-5f53-4abd-b96d-536dcdacd66e,4dc0f433-b40f-450f-ab5f-d6b81a23779b,58ceb069-d55a-487c-b080-855d993b7109,,2026-02-27 15:19:22.126,qr_f02c2a82
6451060d-96a5-4159-bc63-f8a6ec8c4e25,7bb8482a-941c-4fd3-ba41-cca1c440a836,4fa771ca-11d2-4a7d-830a-809082703291,,2026-03-02 15:19:22.127,qr_aa21982f
444e2af7-bbe4-4008-afea-95766944f738,4dac49cd-8b50-4478-bc29-4463456cc74f,025164fb-b247-405d-a6ef-87432c7a883d,,2026-02-24 15:19:22.127,qr_eb2695d6
18d8f6df-5fba-46f0-abfe-e95ff3d4e396,050ee62b-b5ef-475c-ba3b-b3ccfc5d3938,ace01c06-4677-40cd-bb1d-0ce2e8630fef,,2026-03-04 15:19:22.128,qr_5f41441f
f79c5aa7-4d49-442b-a2ef-234567056c49,b5ce1893-7522-414b-ae10-6914691d340c,3e022a2a-06fe-4cfc-a1b5-af39afbc799b,,2026-03-05 15:19:22.128,qr_8008a769
54a5c75d-f455-4275-8f5a-996e4d2de557,eeabf25d-0b51-41f3-9790-3cde3dd052ce,f3fa6d13-f146-4a6f-bca9-c8aaacb7c180,,2026-02-26 15:19:22.129,qr_3d43c089
b3b3b7ad-cca9-47cf-a170-1882f29e5158,0422ae3e-ed16-4148-bfb9-923969f0bcd6,7b878734-1d4a-4fa9-bd7a-77c3180bf45a,,2026-03-07 15:19:22.129,qr_0911b553
c3d6b7fe-03f8-439f-9c6d-6b1044717a19,a3b2735e-8f22-4d93-bf4d-bb98f0cd9572,92b3025b-3929-4918-816a-5759ec61a5e9,,2026-03-03 15:19:22.130,qr_94954a04
34dced2b-fdc1-4767-9487-6ca02d0cfa28,874cceda-d069-4356-a666-dae3f04f8f0b,b2f30c04-b73c-4323-84be-b1c906a48557,,2026-02-27 15:19:22.130,qr_d8cf05aa
77688aec-fdde-442c-8fb3-767d83ab82f8,60055c90-72ab-406c-88e8-6ec240e43d64,eba557ce-e134-4eab-b7e4-dec55e027c6b,,2026-02-17 15:19:22.131,qr_d5216488
6b35eb69-ed31-4cfc-8390-7e2a7a26a1c9,a9df9181-3721-4a32-819e-ae3cbd3707d2,eb2d4d28-07e0-4e07-9d91-0a1969555ae9,,2026-02-25 15:19:22.131,qr_f98a397d
02640c22-a936-4d5e-8e47-2a588c4cbd4b,5db7d277-984a-486a-8b2c-9b5948345a6d,871cedb9-06fe-4175-a3fa-839a14c53219,,2026-03-12 15:19:22.132,qr_c3ea00f2
aa3322fb-8bc1-42f4-955b-f24ea651cfd6,d4326384-2a6d-449c-b9a9-d8ba4a6bd781,9cc8f230-8eb7-4baf-91aa-3476c5da3768,,2026-03-03 15:19:22.132,qr_a5e36e1d
3fb1976c-e0d9-4285-b4bf-f02bfaa558a4,4dac49cd-8b50-4478-bc29-4463456cc74f,724764e7-ff07-470c-b57a-99c5236e77ee,,2026-02-25 15:19:22.133,qr_f1093057
2a0c9f44-b783-4038-bfb7-419c057c149f,60055c90-72ab-406c-88e8-6ec240e43d64,9d534d4e-dc03-49d5-bc71-56dfe3fd6914,,2026-02-18 15:19:22.133,qr_5f2c9d0c
59451bb1-d697-4754-8d28-ad0e16e9bea2,0f1fbcba-a49d-4556-a38d-e89e2736f709,eb2d4d28-07e0-4e07-9d91-0a1969555ae9,,2026-03-15 15:19:22.134,qr_abcdeacf
3d888e97-2c89-4b57-a38b-35bd1c03d8a6,5db7d277-984a-486a-8b2c-9b5948345a6d,867f0884-1b6f-4505-90e9-9177f1fdcb17,,2026-03-01 15:19:22.134,qr_c07f6c48
0259b306-b17c-4274-b1c3-889ef1cfe137,f90791e3-62d3-4448-832c-58e6a9b762c2,c477818f-9cc3-47b7-9a8e-f596f39db643,,2026-03-12 15:19:22.134,qr_7e62f2fb
823f2bf8-2963-4e7e-a9c4-d1a46d2a11af,f90791e3-62d3-4448-832c-58e6a9b762c2,724764e7-ff07-470c-b57a-99c5236e77ee,,2026-02-25 15:19:22.135,qr_61718f8c
c1f51df7-d43b-4bb5-a6ab-2b75f2560d79,3e760ba7-bdbf-475b-96de-909113eab75f,d5dfcb90-4f5c-4ce0-9225-e0ce92aea046,,2026-02-24 15:19:22.135,qr_1d9a32ed
006a943d-ca72-475d-a33b-4c5a323feb91,d7ce9a4e-ab23-4058-9ed7-04f8a8377e0d,ace01c06-4677-40cd-bb1d-0ce2e8630fef,,2026-02-17 15:19:22.136,qr_93a47453
5ac42d1b-95dc-48b4-bd8d-380c06b87e4a,02e1836f-059b-4446-9db9-f58b83ab8285,867f0884-1b6f-4505-90e9-9177f1fdcb17,,2026-03-10 15:19:22.136,qr_a09c0b68
8db359f4-2e86-4f3a-a5f1-02536d9cfaa1,d4326384-2a6d-449c-b9a9-d8ba4a6bd781,f907683b-b38f-46bd-a7a8-7afd898246fa,,2026-02-21 15:19:22.137,qr_99fdf0e4
47b6f67c-368e-415a-82a4-42f45689b0b5,874cceda-d069-4356-a666-dae3f04f8f0b,f01f72af-b8b9-4307-8d0d-ab4268c4eeac,,2026-02-24 15:19:22.137,qr_fa19e600
0fe659f0-6b98-4dfd-aed1-bb9929c15b24,be351f36-e076-4db6-a66e-2b2c4b249567,92b3025b-3929-4918-816a-5759ec61a5e9,,2026-03-11 15:19:22.138,qr_c5670077
a8328641-103f-47ad-b9a4-b5cf79a9db16,9e9a9a25-204b-4c05-b378-252fb40a0f16,c477818f-9cc3-47b7-9a8e-f596f39db643,,2026-03-15 15:19:22.138,qr_cdc482c2
a7d12608-55a7-4c12-a9d3-43d81273072e,a3b2735e-8f22-4d93-bf4d-bb98f0cd9572,58ceb069-d55a-487c-b080-855d993b7109,,2026-03-15 15:19:22.139,qr_8ba4bb5f
2526cde3-b92e-442c-949c-270c4e0d5e82,34e8dde8-ebdf-495f-81df-934a49797b36,58ceb069-d55a-487c-b080-855d993b7109,,2026-02-23 15:19:22.139,qr_8b7af2d5
54e59356-4f29-4043-a6a7-3b0f2c004772,7bb8482a-941c-4fd3-ba41-cca1c440a836,428b7470-f951-4db9-8ed8-1bb45798c15b,,2026-03-12 15:19:22.140,qr_a948ab49
7d38d49d-e6df-472b-9a76-2c5009bfc254,c208b9fc-90ea-44bd-bb94-e769a38d8ab2,3e022a2a-06fe-4cfc-a1b5-af39afbc799b,,2026-03-07 15:19:22.140,qr_4190bad6
ac193365-80e5-46b8-ae11-51c80965931f,a7f2d0e4-33af-48ec-867e-76744570364b,3e022a2a-06fe-4cfc-a1b5-af39afbc799b,,2026-03-08 15:19:22.141,qr_43ea7483
a75dad76-d0f2-4e4e-9f00-0467f57f059e,60055c90-72ab-406c-88e8-6ec240e43d64,9009c29d-cd16-4a41-8ca4-87e78cabe5b4,,2026-03-18 15:19:22.141,qr_d636909f
d46f3979-3026-458c-ba66-0098f389cf0f,1c6992ed-af51-4232-998b-23c8e70b652c,871cedb9-06fe-4175-a3fa-839a14c53219,,2026-02-28 15:19:22.142,qr_d00ac630
70b000ec-ef70-4ce3-840a-2fc1af7a43c1,43e96969-a200-4848-ab8c-e33011b79aea,f907683b-b38f-46bd-a7a8-7afd898246fa,,2026-02-19 15:19:22.142,qr_3ba5b899
07e2a47f-0501-46bb-b0aa-7c783c788884,d4326384-2a6d-449c-b9a9-d8ba4a6bd781,428b7470-f951-4db9-8ed8-1bb45798c15b,,2026-03-05 15:19:22.143,qr_bdaaa9ad
fb6f262b-8f58-42c7-abab-b2ba7f0d1936,d544ba73-9c39-40b8-96f0-dacf4c914d82,ebfcf253-670a-4ee8-a549-32498bdca5ff,,2026-03-07 15:19:22.143,qr_8e68f519
4455418b-b82c-4847-bd88-8e9017e952a8,7b9d52ce-df59-4754-b4c4-b7ba26d12dbc,d6413f44-7949-4eca-9f13-1ad1e6b8395d,,2026-02-25 15:19:22.144,qr_8980308b
f898921a-26db-4947-8952-1de66f2fc63b,23e3fae9-7ada-483a-95e6-5c38a7732942,d6413f44-7949-4eca-9f13-1ad1e6b8395d,,2026-03-06 15:19:22.144,qr_0d662d62
2f980a5d-127a-4afb-9724-b19bab40fc17,35a5a7a5-01cf-4c03-96fb-e04b29af61ac,f907683b-b38f-46bd-a7a8-7afd898246fa,,2026-02-19 15:19:22.145,qr_a1e6e6be
2c2eb6d5-99d7-4ebe-9167-8f1c80939e81,1b27cbc4-3a52-472a-b4f7-b711f90600ba,eba557ce-e134-4eab-b7e4-dec55e027c6b,,2026-03-14 15:19:22.145,qr_649b34cd
9e9a1355-4d8d-4dc5-9257-1d849b4ccde6,1713704d-bca8-4eef-bfe3-26e07ab2b811,3e022a2a-06fe-4cfc-a1b5-af39afbc799b,,2026-03-11 15:19:22.146,qr_b5b20338
ab88a0a2-ec36-4c16-a06c-4b177e5ae8ce,15d57ad2-e066-4213-b0b4-c467cf783f82,273915ba-cb64-45ea-8921-f1a49234eb3e,,2026-03-04 15:19:22.146,qr_ad01b0da
a72f6a96-4014-4097-b609-77583df01e6c,2de5ebdf-3cc8-4789-ba23-39749abc265a,867f0884-1b6f-4505-90e9-9177f1fdcb17,,2026-03-09 15:19:22.147,qr_9a6f670b
c97077f1-a5d0-4d73-929d-d8a8c506c52b,391f2161-61af-44d4-8dbf-77347ef93bd9,a9bf4219-948f-4957-9e45-5e4949aaa023,,2026-02-25 15:19:22.147,qr_6c514897
c243786e-dab0-4245-90de-3d634b46cab1,43e96969-a200-4848-ab8c-e33011b79aea,428b7470-f951-4db9-8ed8-1bb45798c15b,,2026-03-08 15:19:22.148,qr_2b6139ac
c11a6059-0177-496c-be01-3093ab27ea14,6221c0e0-95ee-4508-9e61-519f6d8756e9,6f381af7-99fb-4d73-907e-001929f58a62,,2026-02-24 15:19:22.148,qr_1c66de3d
9bdc0c4f-6e65-4eeb-873c-ce736132fae4,35a5a7a5-01cf-4c03-96fb-e04b29af61ac,428b7470-f951-4db9-8ed8-1bb45798c15b,,2026-02-19 15:19:22.149,qr_ef8068cb
29809992-0eeb-4d48-b48e-3acbfcc97345,23e3fae9-7ada-483a-95e6-5c38a7732942,9cc8f230-8eb7-4baf-91aa-3476c5da3768,,2026-02-20 15:19:22.149,qr_ef7d241f
65f68e8c-7d04-42dd-8407-9645ab015a82,4dac49cd-8b50-4478-bc29-4463456cc74f,3e022a2a-06fe-4cfc-a1b5-af39afbc799b,,2026-03-09 15:19:22.150,qr_f66b99c6
a208dbe4-ef3b-46db-b184-8000757b8ac1,17da070d-ea3d-4744-9ccd-9046906adc20,4fa771ca-11d2-4a7d-830a-809082703291,,2026-02-21 15:19:22.150,qr_0ef1710a
84de454a-0fb3-4b93-9f88-7f9d1ae75dff,b5ce1893-7522-414b-ae10-6914691d340c,92b3025b-3929-4918-816a-5759ec61a5e9,,2026-02-20 15:19:22.151,qr_5d402137
f497ae71-b24d-453f-8bfe-6463c7185d92,3e760ba7-bdbf-475b-96de-909113eab75f,67cb0aa5-09e1-40b9-b140-bfca04307b59,,2026-02-23 15:19:22.151,qr_6a7342dd
97886993-5231-4f04-b895-0767439ad8c0,ef0ee256-9549-4d63-8087-6c16081bd5e6,f3fa6d13-f146-4a6f-bca9-c8aaacb7c180,,2026-02-19 15:19:22.151,qr_05fdb5e5
ce72189f-1bca-4f58-b555-aebf7cff3481,43e96969-a200-4848-ab8c-e33011b79aea,149dca0c-2d06-402a-a468-0d667c3f9728,,2026-02-20 15:19:22.152,qr_f1933222
ff9de0eb-8385-48e3-9e6b-38539d60937c,fcfc943c-0c7c-4a90-a9dd-36120ff78e3f,9009c29d-cd16-4a41-8ca4-87e78cabe5b4,,2026-03-08 15:19:22.152,qr_894a0ca0
d6db9df1-566d-438f-b7a4-973c1e355c39,aaa931c2-2d7d-4680-957f-46e3ccf2979a,d6413f44-7949-4eca-9f13-1ad1e6b8395d,,2026-03-03 15:19:22.153,qr_1f1b9f92
b8c90a25-7a94-4a3e-8bbb-f3a7c2d67c74,fcfc943c-0c7c-4a90-a9dd-36120ff78e3f,18cd5b92-d2c7-44c4-be1e-ee76bddf90f7,,2026-03-02 15:19:22.153,qr_b7e6e607
cc6a9233-60be-4ed7-8d16-3910383463a2,34e8dde8-ebdf-495f-81df-934a49797b36,67cb0aa5-09e1-40b9-b140-bfca04307b59,,2026-02-17 15:19:22.154,qr_19def678
98c8b03b-d0f3-400c-a1b5-7bc0199422a9,7bb8482a-941c-4fd3-ba41-cca1c440a836,3beeb6f2-ddf0-480e-a693-a64ffa5bb810,,2026-02-19 15:19:22.154,qr_ff5607e3
977a61f9-77d2-4efb-a819-351b686b8592,1b27cbc4-3a52-472a-b4f7-b711f90600ba,67cb0aa5-09e1-40b9-b140-bfca04307b59,,2026-03-15 15:19:22.155,qr_c362dba3
41aaf681-5437-4c54-889e-19d6eb1de4a1,3dc13c7b-9a77-482d-97af-a9e9621cd826,6f381af7-99fb-4d73-907e-001929f58a62,,2026-02-22 15:19:22.155,qr_86a69da5
cc66acfb-7f49-4804-9cbc-4ca0b21ff908,1713704d-bca8-4eef-bfe3-26e07ab2b811,90ec8d7a-0a80-4ec0-8221-29c4bed09b78,,2026-02-17 15:19:22.156,qr_e7d85727
5a6f0411-b912-42d4-987a-54c41056317d,3e760ba7-bdbf-475b-96de-909113eab75f,724764e7-ff07-470c-b57a-99c5236e77ee,,2026-03-13 15:19:22.156,qr_62cb0279
d7710ab1-82a5-49f5-81ad-188805c89428,4c699e1a-e949-4914-a420-0b295837f783,9c4ee923-36d1-4822-85fd-73a19a69d869,,2026-03-04 15:19:22.157,qr_5fd4f0d6
1529dba0-ff37-4d9e-b8fc-1f660496bfd0,d86195b9-4233-4cc6-865e-cb5795b5c8a9,ab0a81d1-9e97-44f4-867c-411ba9799bbe,,2026-03-14 15:19:22.157,qr_2e14aacb
b05830d9-b951-4863-8eab-575c55150c72,fed73d8e-35f7-4d6b-bb34-2d886dc08287,bf940740-0ebd-4a03-80ec-1067a0607b7e,,2026-02-21 15:19:22.157,qr_c449519d
64dead8b-c9c8-49f6-a8da-07c6977cf459,4dac49cd-8b50-4478-bc29-4463456cc74f,f3fa6d13-f146-4a6f-bca9-c8aaacb7c180,,2026-02-23 15:19:22.158,qr_aebf4630
803f8bd2-1afe-4d1c-9fdb-4b2c63d0634d,43041815-e118-4049-a65c-928ce5079c0d,eba557ce-e134-4eab-b7e4-dec55e027c6b,,2026-02-21 15:19:22.159,qr_4a63d9db
0728028f-e625-4c7c-84be-580cca03a26b,eeabf25d-0b51-41f3-9790-3cde3dd052ce,9d534d4e-dc03-49d5-bc71-56dfe3fd6914,,2026-03-05 15:19:22.159,qr_b0430b26
81db5a23-f5be-4a8b-880c-fcf6795ee062,874cceda-d069-4356-a666-dae3f04f8f0b,9d6b03e7-6dd6-4592-9eeb-d9e3bd85567d,,2026-03-17 15:19:22.160,qr_b09db7d5
3d3ef899-ff5d-4a91-9f97-e52e233bda10,1713704d-bca8-4eef-bfe3-26e07ab2b811,17421e06-2d29-46bf-b4cc-96fdd85e0723,,2026-03-03 15:19:22.160,qr_781394b8
e0bfad3d-5819-4f07-8b87-8c969d10c16c,bc9f4495-ac87-426a-b3fc-e9d762c9ccd6,92b3025b-3929-4918-816a-5759ec61a5e9,,2026-03-17 15:19:22.161,qr_fd3b3db9
234931de-bf49-4ea5-bff0-b2cdebabc768,3dc13c7b-9a77-482d-97af-a9e9621cd826,0cb1256f-a596-4972-9538-58c4d7998883,,2026-03-02 15:19:22.162,qr_4c2363ed
9ca4af06-fc91-4a16-96a2-c79b8ab3ac0b,a7f2d0e4-33af-48ec-867e-76744570364b,b1ec34d9-b435-41d5-859f-0d3786111920,,2026-03-14 15:19:22.163,qr_36543077
d27cb4ce-ee0c-498e-a3e2-5450b77dbe9e,0eb813bd-3187-4f0c-9b28-012709bdd46c,b1ec34d9-b435-41d5-859f-0d3786111920,,2026-03-17 15:19:22.164,qr_dfa83ab4
e8c30a50-acfd-4bbd-aa3b-d5dc45ba8c5c,a7f2d0e4-33af-48ec-867e-76744570364b,9c4ee923-36d1-4822-85fd-73a19a69d869,,2026-03-06 15:19:22.164,qr_2129c13f
b004e3fa-85e9-4b76-8599-38f8fb70d932,fcfc943c-0c7c-4a90-a9dd-36120ff78e3f,93824d88-2df8-4304-9bb5-862d5a8e0548,,2026-02-24 15:19:22.165,qr_bf4ab9c9
dd2eb33f-9023-4330-a3ee-132f8e06a97f,5db7d277-984a-486a-8b2c-9b5948345a6d,a9bf4219-948f-4957-9e45-5e4949aaa023,,2026-03-13 15:19:22.165,qr_9fffb696
edf127db-d530-430c-9f31-107065edfeca,34e8dde8-ebdf-495f-81df-934a49797b36,ace01c06-4677-40cd-bb1d-0ce2e8630fef,,2026-02-24 15:19:22.166,qr_b748082f
ebd1d881-b9fe-4ff0-abfd-2bc423eeeb9f,15d57ad2-e066-4213-b0b4-c467cf783f82,867f0884-1b6f-4505-90e9-9177f1fdcb17,,2026-03-04 15:19:22.166,qr_f671a3a8
b2951c6e-66f8-438b-b762-144a32bcb60b,a203669c-7093-4f11-a613-0eca13d0958f,3beeb6f2-ddf0-480e-a693-a64ffa5bb810,,2026-02-26 15:19:22.167,qr_35f22cbe
e00ac57b-ae8e-475a-9a4a-45f9b23f6004,544f6cd5-5878-402f-9adf-570847a79696,4fa771ca-11d2-4a7d-830a-809082703291,,2026-03-18 15:19:22.167,qr_5b1b9056
f3c00add-6e7d-4d9e-870d-66ff94619c1d,2efa3ce3-3b7d-45a1-a621-4cd17a461aaa,076677af-ae78-4f4d-a0a4-fed320324add,,2026-03-16 15:19:22.168,qr_9f38fffc
a58037f9-9587-42ae-9c01-54726daed56a,391f2161-61af-44d4-8dbf-77347ef93bd9,428b7470-f951-4db9-8ed8-1bb45798c15b,,2026-02-26 15:19:22.169,qr_3ef8de33
8596e5bb-4b71-4448-abed-5a6ac0e51304,eeabf25d-0b51-41f3-9790-3cde3dd052ce,9009c29d-cd16-4a41-8ca4-87e78cabe5b4,,2026-03-18 15:19:22.169,qr_c2e8aacb
0991e1e0-5a3e-4440-8846-ec536a28e893,81f417cb-ce9d-4fa2-b08e-6f898e1edbeb,b2f30c04-b73c-4323-84be-b1c906a48557,,2026-02-28 15:19:22.169,qr_a42024b7
bd97c8ee-1e1e-45b1-ab6d-2d3734123e4d,d34480a3-d6fa-4d5f-8525-7e6b8eca7dd1,93824d88-2df8-4304-9bb5-862d5a8e0548,,2026-02-24 15:19:22.170,qr_726a3115
2346f21e-879a-472e-a92c-09142da656e2,bc9f4495-ac87-426a-b3fc-e9d762c9ccd6,9d6b03e7-6dd6-4592-9eeb-d9e3bd85567d,,2026-03-03 15:19:22.171,qr_bf2b51b8
78b362c1-9900-4393-9a8f-056954716c83,efa4c015-3136-4a8c-9dcb-7986d2163674,0cb1256f-a596-4972-9538-58c4d7998883,,2026-03-14 15:19:22.172,qr_4d5e9a60
68732dcc-26b7-40cc-b1ad-331872c0a710,17da070d-ea3d-4744-9ccd-9046906adc20,d5dfcb90-4f5c-4ce0-9225-e0ce92aea046,,2026-03-16 15:19:22.172,qr_2615b393
c73c140d-50c7-4256-a6a3-95fb81fc9510,43e96969-a200-4848-ab8c-e33011b79aea,724764e7-ff07-470c-b57a-99c5236e77ee,,2026-03-06 15:19:22.173,qr_0f6be323
67175b5f-e03d-4bc9-89fb-1d74ffc35937,3189a985-4b72-42f8-b615-cd01c585ca88,3e022a2a-06fe-4cfc-a1b5-af39afbc799b,,2026-03-01 15:19:22.174,qr_401dcf2e
b2459f77-ce84-4252-b270-fe26052cc02f,7b9d52ce-df59-4754-b4c4-b7ba26d12dbc,3beeb6f2-ddf0-480e-a693-a64ffa5bb810,,2026-03-16 15:19:22.175,qr_6239eaf5
c680ba61-5d97-4bb9-a616-ea2ab5181a9b,35a5a7a5-01cf-4c03-96fb-e04b29af61ac,c477818f-9cc3-47b7-9a8e-f596f39db643,,2026-02-28 15:19:22.176,qr_ee237d68
95cf429d-3cff-4ca7-956d-e74cf03cf9c4,02e1836f-059b-4446-9db9-f58b83ab8285,8ab136db-af7e-4428-a861-1d9c21aad10e,,2026-02-20 15:19:22.176,qr_745c4ae3
adab4106-58da-482b-bb5a-14d4b5e5ea84,3e760ba7-bdbf-475b-96de-909113eab75f,3e022a2a-06fe-4cfc-a1b5-af39afbc799b,,2026-02-22 15:19:22.177,qr_4555013c
90a65962-2286-46e5-8d80-9eb1c4ea3298,9e9a9a25-204b-4c05-b378-252fb40a0f16,17421e06-2d29-46bf-b4cc-96fdd85e0723,,2026-02-25 15:19:22.178,qr_3a0d33ba
7b71a069-7b5c-4f05-a958-55e98a41eeb4,2efa3ce3-3b7d-45a1-a621-4cd17a461aaa,cc09b50f-b2f4-469e-b259-ccf6ecb69a71,,2026-02-27 15:19:22.178,qr_8869d319
d57082ef-d46d-4cd7-a48b-2818829952a1,544f6cd5-5878-402f-9adf-570847a79696,9cc8f230-8eb7-4baf-91aa-3476c5da3768,,2026-03-04 15:19:22.179,qr_f6974038
0049efab-6a86-468d-971a-d1f9aeb769aa,cf2986c4-d916-49b8-8af8-e907fca9b690,90ec8d7a-0a80-4ec0-8221-29c4bed09b78,,2026-03-14 15:19:22.180,qr_f5990771
3b8dbe87-2e4d-46de-9a2e-13ba97292fa4,9a294617-64a1-44ee-8aff-7bbec1b6d97e,359761bb-19e4-4f0e-a4cd-760261b19dc5,,2026-02-26 15:19:22.180,qr_bff5ceac
ac5e93e3-97d1-4c46-8027-93672152717e,7a3a9c11-6e7c-4787-bf8f-12e304cfe23d,9d534d4e-dc03-49d5-bc71-56dfe3fd6914,,2026-03-01 15:19:22.181,qr_e8c5f1b8
4690a923-1616-43db-b002-6ff57e47e417,d34480a3-d6fa-4d5f-8525-7e6b8eca7dd1,359761bb-19e4-4f0e-a4cd-760261b19dc5,,2026-02-22 15:19:22.181,qr_246422d0
c6939ea7-f37e-44ec-bdbe-b11282013dbd,49594c00-b1d0-498a-b817-a7211fcb2f37,ebfcf253-670a-4ee8-a549-32498bdca5ff,,2026-03-15 15:19:22.182,qr_d9c2d9a6
5988e476-35a9-4a69-b51c-a058aded82e5,6c752522-2c72-4ddb-92ad-62255221e64a,8ae1627b-fab3-402f-813a-1ba81dfee355,,2026-03-07 15:19:22.183,qr_7f6b63b4
764c0daf-503e-4ceb-baf3-de8eb8e8a65f,5db7d277-984a-486a-8b2c-9b5948345a6d,753d1fa8-d7c2-4240-80b1-7b875fbac6f7,,2026-02-25 15:19:22.183,qr_35f3fab1
201de9c1-410f-4432-b891-343dad24a709,cffaf07c-5e91-4c30-bf7f-63779a296454,db5552dd-91c6-49c0-bdbb-a6ad72fe9967,,2026-03-09 15:19:22.184,qr_56487532
29060ec3-bb06-470a-ab18-b7f37380ade1,34e8dde8-ebdf-495f-81df-934a49797b36,3e022a2a-06fe-4cfc-a1b5-af39afbc799b,,2026-03-02 15:19:22.184,qr_f52872d1
b0e0b05b-609b-41a3-8b95-db76fa3b9d6e,4dc0f433-b40f-450f-ab5f-d6b81a23779b,17421e06-2d29-46bf-b4cc-96fdd85e0723,,2026-03-01 15:19:22.185,qr_9bbc9e79
22c5a487-31f2-439b-bbb3-5d20a6c10c2d,cf2986c4-d916-49b8-8af8-e907fca9b690,6f381af7-99fb-4d73-907e-001929f58a62,,2026-02-28 15:19:22.186,qr_76acaeb5
eae8ae60-da02-4902-9d91-2d2a93d0890c,874cceda-d069-4356-a666-dae3f04f8f0b,025164fb-b247-405d-a6ef-87432c7a883d,,2026-03-08 15:19:22.186,qr_6dc5939b
3baf0fc6-0613-416a-b9f3-07b9a2f7f40c,050ee62b-b5ef-475c-ba3b-b3ccfc5d3938,eba557ce-e134-4eab-b7e4-dec55e027c6b,,2026-03-07 15:19:22.187,qr_006bbf8e
a7b6d139-37b7-4538-bf88-3ac7c09ccfa4,c73880b0-8c40-4b5c-aae9-8d81004c8326,eba557ce-e134-4eab-b7e4-dec55e027c6b,,2026-02-24 15:19:22.187,qr_441bdf28
2e1cc2f5-43bc-4a92-8f23-0909bc0a9e28,5d877a2c-fecd-4d52-b60c-027c8ce709d2,bf940740-0ebd-4a03-80ec-1067a0607b7e,,2026-02-20 15:19:22.188,qr_ed958bbd
609a85b0-f2ea-4ece-9944-846805a15fd4,a7f2d0e4-33af-48ec-867e-76744570364b,eba557ce-e134-4eab-b7e4-dec55e027c6b,,2026-03-17 15:19:22.189,qr_0842d5f2
28bd23c6-36d7-4b2b-9471-6d68a83de760,2efa3ce3-3b7d-45a1-a621-4cd17a461aaa,18cd5b92-d2c7-44c4-be1e-ee76bddf90f7,,2026-03-09 15:19:22.189,qr_c1650870
ddfd91ba-acd9-429e-a7e2-e778a36d3aac,ac238beb-9d9a-42f9-977c-7e968241ba59,9d6b03e7-6dd6-4592-9eeb-d9e3bd85567d,,2026-03-14 15:19:22.190,qr_e11d3b27
2ed9bed9-bb04-4be7-acb4-2b664cce12f3,2de5ebdf-3cc8-4789-ba23-39749abc265a,8ab136db-af7e-4428-a861-1d9c21aad10e,,2026-03-07 15:19:22.190,qr_fd22b696
c7bbfbc7-8517-4e5c-a0e7-b334305dc174,eeabf25d-0b51-41f3-9790-3cde3dd052ce,871cedb9-06fe-4175-a3fa-839a14c53219,,2026-02-23 15:19:22.191,qr_da6126b9
fb927dd6-2b1f-4bf2-a611-b3312d097c57,e41e510f-147e-43cb-9ff9-a884822442c7,025164fb-b247-405d-a6ef-87432c7a883d,,2026-03-10 15:19:22.192,qr_cf31509c
bda6b987-e137-4750-8d65-5faa7f1fdf26,d4326384-2a6d-449c-b9a9-d8ba4a6bd781,3e022a2a-06fe-4cfc-a1b5-af39afbc799b,,2026-02-26 15:19:22.192,qr_340f9366
32219c40-9e96-40b2-9603-d85f65a39193,aaa931c2-2d7d-4680-957f-46e3ccf2979a,3beeb6f2-ddf0-480e-a693-a64ffa5bb810,,2026-03-16 15:19:22.193,qr_d50726d2
42db6dd5-99cb-4689-833e-d495e55c4b94,38a5d120-6011-446d-844c-78348325bf58,9d534d4e-dc03-49d5-bc71-56dfe3fd6914,,2026-03-12 15:19:22.193,qr_d1169548
f03c4720-19ce-4e40-90b2-02a5a3a88f71,02e1836f-059b-4446-9db9-f58b83ab8285,428b7470-f951-4db9-8ed8-1bb45798c15b,,2026-02-23 15:19:22.194,qr_0b9f9ec6
a6eef735-2f0e-40cd-9df5-8b23af957c5e,cb2888ed-5460-4728-8b91-ed750b2268b5,025164fb-b247-405d-a6ef-87432c7a883d,,2026-02-26 15:19:22.195,qr_10d0ceed
48748847-6f38-4d94-bcb3-de20afdf31ed,7a3a9c11-6e7c-4787-bf8f-12e304cfe23d,a418507d-2dda-4574-b28f-a7944c7b99fe,,2026-03-07 15:19:22.195,qr_08bd59e3
12235621-2334-43ba-93d7-a1e9df23094b,34e8dde8-ebdf-495f-81df-934a49797b36,f3fa6d13-f146-4a6f-bca9-c8aaacb7c180,,2026-02-26 15:19:22.196,qr_e9dca4bc
d95881de-f4eb-4c3f-afcf-2c83a89ea079,b5ed048e-87ea-4e0e-b843-70a8c3800821,025164fb-b247-405d-a6ef-87432c7a883d,,2026-03-14 15:19:22.196,qr_a9e9c927
7789c491-5d75-4b8d-8934-c6c301abe6bc,00db2a26-ced6-4f6a-b1e6-d2f71c5d8316,076677af-ae78-4f4d-a0a4-fed320324add,,2026-02-21 15:19:22.197,qr_eddb1bb0
9efaf2cd-7ecc-4626-9e09-95d97e519f3f,3e9d43b0-6ccf-4d07-b4b6-d8ebe0641a77,871cedb9-06fe-4175-a3fa-839a14c53219,,2026-03-18 15:19:22.198,qr_80b9aafe
5568923e-2a79-4c77-b0fa-e313998e3b89,04703585-1f4d-4f1e-8ef9-bdde517013c2,b1ec34d9-b435-41d5-859f-0d3786111920,,2026-03-10 15:19:22.199,qr_1ee6e680
1a1fbdfd-dca3-42d6-b471-cb2afdc37f30,efa4c015-3136-4a8c-9dcb-7986d2163674,076677af-ae78-4f4d-a0a4-fed320324add,,2026-03-15 15:19:22.199,qr_71aefb80
5e68aff9-4e45-48d7-9cf9-fb6af068bce6,82b86e28-380b-49a1-b39f-71fe625a8c30,d6413f44-7949-4eca-9f13-1ad1e6b8395d,,2026-03-08 15:19:22.200,qr_a9e9d96c
cb715e11-fe21-4cd8-b5ab-c211d0bdfece,1713704d-bca8-4eef-bfe3-26e07ab2b811,9d534d4e-dc03-49d5-bc71-56dfe3fd6914,,2026-03-08 15:19:22.201,qr_343deee8
9dbd954c-1fe3-4f8e-aaf9-d05acfbd06fb,38a5d120-6011-446d-844c-78348325bf58,273915ba-cb64-45ea-8921-f1a49234eb3e,,2026-02-21 15:19:22.201,qr_a64eb03e
6d5ff7ea-1f64-4798-a521-7a08def5e820,04316eb6-7108-4e8f-ad21-402bd71bc009,a9bf4219-948f-4957-9e45-5e4949aaa023,,2026-03-18 15:19:22.202,qr_18442623
0ef87ddb-7512-4288-9898-d140b89b4859,be6d4ef9-3e24-4aa6-9581-fdcf554bf0ac,359761bb-19e4-4f0e-a4cd-760261b19dc5,,2026-03-11 15:19:22.202,qr_e0d325a5
f70ed64b-f206-48cb-b78b-8ddc1840b2ca,81f417cb-ce9d-4fa2-b08e-6f898e1edbeb,9cc8f230-8eb7-4baf-91aa-3476c5da3768,,2026-03-15 15:19:22.203,qr_16772527
805fc205-1e7c-49a5-81d5-940d3ce619cb,08451ca8-2fb6-45a5-8029-f7df481edc36,ab0a81d1-9e97-44f4-867c-411ba9799bbe,,2026-03-02 15:19:22.203,qr_3656b685
40b5c659-02bf-4836-9f2f-6c58f8f33725,3dc13c7b-9a77-482d-97af-a9e9621cd826,eb2d4d28-07e0-4e07-9d91-0a1969555ae9,,2026-02-20 15:19:22.204,qr_08d747b0
9998cb39-3001-4712-8982-14b18f0a79ea,bc9f4495-ac87-426a-b3fc-e9d762c9ccd6,c477818f-9cc3-47b7-9a8e-f596f39db643,,2026-03-07 15:19:22.205,qr_11e2ad49
890b52b5-c967-4452-a718-7ffce70bf60d,6c752522-2c72-4ddb-92ad-62255221e64a,18cd5b92-d2c7-44c4-be1e-ee76bddf90f7,,2026-02-27 15:19:22.205,qr_d4169985
3f17ec5a-3911-441d-82c8-0e24e6fa285c,bc9f4495-ac87-426a-b3fc-e9d762c9ccd6,724764e7-ff07-470c-b57a-99c5236e77ee,,2026-03-17 15:19:22.206,qr_9e3b6c0d
4ab67501-6cca-419b-8e70-4d0ff77fc4dd,3e760ba7-bdbf-475b-96de-909113eab75f,b1ec34d9-b435-41d5-859f-0d3786111920,,2026-02-22 15:19:22.207,qr_5dfdbc4e
d89bd6cd-4a45-4a03-a035-10987cab4937,49594c00-b1d0-498a-b817-a7211fcb2f37,273915ba-cb64-45ea-8921-f1a49234eb3e,,2026-03-07 15:19:22.207,qr_c579c0ff
ab84de0b-2ffb-4cca-94a7-daa30cadab86,a91dac93-377c-48e1-97b0-4eb3b61e53a3,f01f72af-b8b9-4307-8d0d-ab4268c4eeac,,2026-02-18 15:19:22.208,qr_d77f9cf5
ee016158-5d71-4dbb-8e37-f467892fe735,5db7d277-984a-486a-8b2c-9b5948345a6d,3beeb6f2-ddf0-480e-a693-a64ffa5bb810,,2026-03-14 15:19:22.209,qr_ecec5e81
f5b126fd-de86-44f5-ac3d-cc760315fea4,34e8dde8-ebdf-495f-81df-934a49797b36,b1ec34d9-b435-41d5-859f-0d3786111920,,2026-02-25 15:19:22.209,qr_c1140540
be25a303-ca54-437c-9c9c-495749bc6337,544f6cd5-5878-402f-9adf-570847a79696,025164fb-b247-405d-a6ef-87432c7a883d,,2026-03-14 15:19:22.210,qr_a4c01c79
a48082be-8f9e-4c76-a65e-c7d48ce23515,23e3fae9-7ada-483a-95e6-5c38a7732942,3e022a2a-06fe-4cfc-a1b5-af39afbc799b,,2026-02-28 15:19:22.210,qr_d9f19d72
376cb686-2016-4cdd-b24a-ca980234cf48,35637bf2-1c66-4a9f-a7e5-c49114d0198b,3beeb6f2-ddf0-480e-a693-a64ffa5bb810,,2026-02-23 15:19:22.211,qr_097d7d0b
9d1ec07a-c7ac-4727-b457-c6e639c5f0af,b186f3f0-786f-4af3-8266-ed05dd0ae33e,753d1fa8-d7c2-4240-80b1-7b875fbac6f7,,2026-02-22 15:19:22.211,qr_c0592900
2e978e72-2505-4b34-84af-e2bf345acb7a,9a294617-64a1-44ee-8aff-7bbec1b6d97e,f3fa6d13-f146-4a6f-bca9-c8aaacb7c180,,2026-02-27 15:19:22.212,qr_5c3151a6
1799ff2f-e6df-4443-9035-b8937f083f37,9e9a9a25-204b-4c05-b378-252fb40a0f16,9d534d4e-dc03-49d5-bc71-56dfe3fd6914,,2026-03-04 15:19:22.213,qr_a47e4281
555cbd1f-e38d-4fee-a1ce-9b7cf93c1bfa,efa4c015-3136-4a8c-9dcb-7986d2163674,9009c29d-cd16-4a41-8ca4-87e78cabe5b4,,2026-03-07 15:19:22.214,qr_93d35082
92de3eec-0da3-4a4c-9ef4-2342c5ad9ee7,5db7d277-984a-486a-8b2c-9b5948345a6d,67cb0aa5-09e1-40b9-b140-bfca04307b59,,2026-03-10 15:19:22.215,qr_25fac73b
dd3d1a4e-c7a6-4ccf-abb0-3e9a6df01b68,efa4c015-3136-4a8c-9dcb-7986d2163674,18cd5b92-d2c7-44c4-be1e-ee76bddf90f7,,2026-02-24 15:19:22.216,qr_3cf2d9a2
1489ba0c-21be-422b-b8ac-643d42aedd2e,3189a985-4b72-42f8-b615-cd01c585ca88,9d6b03e7-6dd6-4592-9eeb-d9e3bd85567d,,2026-02-19 15:19:22.217,qr_578626fe
8f32c2da-f063-4023-aaa6-cd3695c44369,fed73d8e-35f7-4d6b-bb34-2d886dc08287,d6413f44-7949-4eca-9f13-1ad1e6b8395d,,2026-03-09 15:19:22.218,qr_e76aceb3
088be7eb-ae4b-4655-9a4c-3a80ae49eead,43e96969-a200-4848-ab8c-e33011b79aea,17421e06-2d29-46bf-b4cc-96fdd85e0723,,2026-03-08 15:19:22.218,qr_52cc1f8f
920961be-a298-4a61-b85d-ef5a4eb68d9b,4fac1881-cc71-495d-a004-d77eca388801,c477818f-9cc3-47b7-9a8e-f596f39db643,,2026-03-11 15:19:22.219,qr_63e96a4a
9dbecf48-16ee-46b4-aade-02fbbcbdb9c2,ac238beb-9d9a-42f9-977c-7e968241ba59,724764e7-ff07-470c-b57a-99c5236e77ee,,2026-03-17 15:19:22.219,qr_6de66b3f
371e9a0c-e1d5-488c-8b6b-a20329900c2f,3e9d43b0-6ccf-4d07-b4b6-d8ebe0641a77,b2f30c04-b73c-4323-84be-b1c906a48557,,2026-03-09 15:19:22.220,qr_74bdfbe4
27d20c54-07a1-4e31-9a71-9b796f27c421,cffaf07c-5e91-4c30-bf7f-63779a296454,4fa771ca-11d2-4a7d-830a-809082703291,,2026-03-03 15:19:22.220,qr_db50dd62
c129720b-7917-4812-bcde-13b5580ea78d,0f1fbcba-a49d-4556-a38d-e89e2736f709,149dca0c-2d06-402a-a468-0d667c3f9728,,2026-03-05 15:19:22.221,qr_2b87c9ef
c1aa828c-f15a-4405-9ab9-4e779ecf2224,cf2986c4-d916-49b8-8af8-e907fca9b690,9d534d4e-dc03-49d5-bc71-56dfe3fd6914,,2026-03-03 15:19:22.222,qr_83a2fbba
88a8eed6-8050-4af2-baa1-7f0ad48fdd9c,43a0fe9d-2407-4be8-94db-299355410786,149dca0c-2d06-402a-a468-0d667c3f9728,,2026-02-25 15:19:22.222,qr_56715c60
124dd8bc-c4a0-4815-8a4a-250489a2a59b,10eed5ff-8933-404e-aadb-5864f036e0ea,93824d88-2df8-4304-9bb5-862d5a8e0548,,2026-02-27 15:19:22.223,qr_84a85dcf
e9bda1c4-8f07-4c03-bab8-c00e73180fa7,7b9d52ce-df59-4754-b4c4-b7ba26d12dbc,f3fa6d13-f146-4a6f-bca9-c8aaacb7c180,,2026-02-20 15:19:22.223,qr_1ea7fd4a
5c4bfe7c-d2e7-4487-9df0-0b56c4e9a714,2de5ebdf-3cc8-4789-ba23-39749abc265a,025164fb-b247-405d-a6ef-87432c7a883d,,2026-02-23 15:19:22.224,qr_30a41d41
8743f406-6fdf-426a-a43a-dd39f59c5f3b,23e3fae9-7ada-483a-95e6-5c38a7732942,90ec8d7a-0a80-4ec0-8221-29c4bed09b78,,2026-03-04 15:19:22.224,qr_aeb2535a
8d380015-536c-405b-ba81-5439a54a6886,04316eb6-7108-4e8f-ad21-402bd71bc009,9d534d4e-dc03-49d5-bc71-56dfe3fd6914,,2026-03-11 15:19:22.225,qr_dee09455
392cc03d-d249-4c4a-b3f1-a4e79cb2a050,fed73d8e-35f7-4d6b-bb34-2d886dc08287,92b3025b-3929-4918-816a-5759ec61a5e9,,2026-03-07 15:19:22.225,qr_363a7ad7
f3028894-5d8b-4b5c-9e00-22dc625bd211,b5ed048e-87ea-4e0e-b843-70a8c3800821,3e022a2a-06fe-4cfc-a1b5-af39afbc799b,,2026-03-17 15:19:22.225,qr_b2b90f50
b44d19ef-89da-404d-a11d-60153ed0643f,2de5ebdf-3cc8-4789-ba23-39749abc265a,67cb0aa5-09e1-40b9-b140-bfca04307b59,,2026-03-06 15:19:22.226,qr_741c9dad
01b7a1b8-a626-422a-92cd-f4e9e8a10cdf,10eed5ff-8933-404e-aadb-5864f036e0ea,871cedb9-06fe-4175-a3fa-839a14c53219,,2026-03-15 15:19:22.226,qr_87693bb5
98e6cf8f-62fa-42a7-b119-a44d795e7c87,eeabf25d-0b51-41f3-9790-3cde3dd052ce,a9bf4219-948f-4957-9e45-5e4949aaa023,,2026-02-25 15:19:22.227,qr_a553e799
2db34d45-32ba-44c5-bd32-0a4b8fd369f0,60055c90-72ab-406c-88e8-6ec240e43d64,149dca0c-2d06-402a-a468-0d667c3f9728,,2026-03-01 15:19:22.227,qr_bb63472a
f3589ac6-ae2d-46fc-989b-7bf16fda75c7,49594c00-b1d0-498a-b817-a7211fcb2f37,359761bb-19e4-4f0e-a4cd-760261b19dc5,,2026-03-03 15:19:22.228,qr_54080bab
5a50efc7-7258-49b4-9746-3a53b368ee25,49594c00-b1d0-498a-b817-a7211fcb2f37,867f0884-1b6f-4505-90e9-9177f1fdcb17,,2026-03-12 15:19:22.228,qr_5322b8aa
cec2da6b-7bcf-45bd-88dd-af3be0f5a58b,7bb8482a-941c-4fd3-ba41-cca1c440a836,8ae1627b-fab3-402f-813a-1ba81dfee355,,2026-02-26 15:19:22.229,qr_8a685d9c
a79d1399-f600-4ec7-b1d8-cd6fb42df8dc,3e9d43b0-6ccf-4d07-b4b6-d8ebe0641a77,f01f72af-b8b9-4307-8d0d-ab4268c4eeac,,2026-03-12 15:19:22.229,qr_41dd4d96
6f94c2ae-c332-44b3-a9ab-39404522f776,be6d4ef9-3e24-4aa6-9581-fdcf554bf0ac,f01f72af-b8b9-4307-8d0d-ab4268c4eeac,,2026-02-18 15:19:22.230,qr_8d2e0a6f
1e94e263-dd90-40e5-b5d6-32286deb2331,00db2a26-ced6-4f6a-b1e6-d2f71c5d8316,867f0884-1b6f-4505-90e9-9177f1fdcb17,,2026-03-04 15:19:22.230,qr_ddb3d0b9
cf36a23c-8610-443d-946e-c578d6b127e9,60055c90-72ab-406c-88e8-6ec240e43d64,a418507d-2dda-4574-b28f-a7944c7b99fe,,2026-03-18 15:19:22.231,qr_1f5be182
b3e7593e-554a-45c4-b4ed-ead151c5b8b4,fed73d8e-35f7-4d6b-bb34-2d886dc08287,9d6b03e7-6dd6-4592-9eeb-d9e3bd85567d,,2026-03-07 15:19:22.231,qr_ad383e52
c7492d17-04a6-46cd-a3a0-d921673decac,874cceda-d069-4356-a666-dae3f04f8f0b,17421e06-2d29-46bf-b4cc-96fdd85e0723,,2026-03-07 15:19:22.232,qr_3dd1a9b1
64d2258f-16db-42a7-89aa-8e1e2f65adb3,e3842d3b-61c1-4097-bc78-5052a269e064,93824d88-2df8-4304-9bb5-862d5a8e0548,,2026-03-07 15:19:22.232,qr_a662d58c
16077197-c03d-460a-93f4-3eddc3eaa431,d544ba73-9c39-40b8-96f0-dacf4c914d82,9cc8f230-8eb7-4baf-91aa-3476c5da3768,,2026-03-05 15:19:22.233,qr_3568b597
28df1f81-9a3c-4a26-85a6-4fe1d628bf81,3e9d43b0-6ccf-4d07-b4b6-d8ebe0641a77,4fa771ca-11d2-4a7d-830a-809082703291,,2026-03-16 15:19:22.233,qr_34e5cc4c
ac8e8ca6-29fb-466a-9a68-24e0549bb853,99624f39-44a6-4f50-82a1-86b4498ab5d6,867f0884-1b6f-4505-90e9-9177f1fdcb17,,2026-02-18 15:19:22.234,qr_acd9c8b5
a19f1156-4d5f-4398-8f2a-e5671a064947,35637bf2-1c66-4a9f-a7e5-c49114d0198b,33f7bc74-721f-4500-b374-b89287ea1a83,,2026-03-15 15:19:22.234,qr_9521b832
52e1f73a-ba5c-4e93-a1ef-7486b9fa5d21,82b86e28-380b-49a1-b39f-71fe625a8c30,67cb0aa5-09e1-40b9-b140-bfca04307b59,,2026-02-22 15:19:22.235,qr_0c91aa9a
fe70797f-271b-409d-8e85-a116a23c46b9,81f417cb-ce9d-4fa2-b08e-6f898e1edbeb,c477818f-9cc3-47b7-9a8e-f596f39db643,,2026-03-06 15:19:22.235,qr_b6a910d6
8d18b681-8907-4221-b47c-2b936ef7d2b0,38a5d120-6011-446d-844c-78348325bf58,b2f30c04-b73c-4323-84be-b1c906a48557,,2026-03-07 15:19:22.236,qr_f496d2d7
ff2eec06-4008-48f8-b9ef-e5ff5e6c5a92,b186f3f0-786f-4af3-8266-ed05dd0ae33e,93824d88-2df8-4304-9bb5-862d5a8e0548,,2026-03-13 15:19:22.236,qr_74d9f1b4
fc81fa8a-e282-404f-acec-9fc0b5a8e1c4,43a0fe9d-2407-4be8-94db-299355410786,724764e7-ff07-470c-b57a-99c5236e77ee,,2026-03-10 15:19:22.237,qr_546a04b5
299ec4b4-af61-4a31-9d4c-a9267b6c459d,5d877a2c-fecd-4d52-b60c-027c8ce709d2,17421e06-2d29-46bf-b4cc-96fdd85e0723,,2026-03-04 15:19:22.237,qr_7f261263
53b336c1-21a7-4720-a788-6fb5b4c1990a,1b27cbc4-3a52-472a-b4f7-b711f90600ba,273915ba-cb64-45ea-8921-f1a49234eb3e,,2026-03-14 15:19:22.238,qr_7a4a7b70
2151de9b-00fe-494d-a3a0-3381dec9160f,35a5a7a5-01cf-4c03-96fb-e04b29af61ac,076677af-ae78-4f4d-a0a4-fed320324add,,2026-03-05 15:19:22.238,qr_7b55301d
03a10371-6a68-496e-a4d7-dea3f54bb965,43041815-e118-4049-a65c-928ce5079c0d,8ae1627b-fab3-402f-813a-1ba81dfee355,,2026-02-18 15:19:22.238,qr_420e9284
2bfb70be-b3e1-4227-a838-591e521797cf,e3842d3b-61c1-4097-bc78-5052a269e064,359761bb-19e4-4f0e-a4cd-760261b19dc5,,2026-03-12 15:19:22.239,qr_4fa83c2a
4fc97a56-d165-49a4-8e5e-6b46aedf86b2,9a294617-64a1-44ee-8aff-7bbec1b6d97e,58ceb069-d55a-487c-b080-855d993b7109,,2026-03-14 15:19:22.239,qr_98161d9c
1234a977-25b1-4f4e-a071-9716b9b5bc95,e3842d3b-61c1-4097-bc78-5052a269e064,867f0884-1b6f-4505-90e9-9177f1fdcb17,,2026-02-23 15:19:22.240,qr_9ddd8b1d
10cee0c5-e4c7-4962-80d9-1ae3ea72cc6b,43e96969-a200-4848-ab8c-e33011b79aea,ab0a81d1-9e97-44f4-867c-411ba9799bbe,,2026-03-17 15:19:22.240,qr_add87cb8
b85e6667-f2f7-431c-a56a-98d39157c5f8,277e987b-a059-4dec-af1f-ba96e3c6a85a,724764e7-ff07-470c-b57a-99c5236e77ee,,2026-03-12 15:19:22.241,qr_46347342
c3d44edd-24bc-4759-8651-850c9a407c25,e41e510f-147e-43cb-9ff9-a884822442c7,9c4ee923-36d1-4822-85fd-73a19a69d869,,2026-03-03 15:19:22.241,qr_82cd84fa
215fd671-762b-4662-8e2a-0f3bfa022a95,eebf0298-9f3f-42bd-a1ef-02207c69ab72,9009c29d-cd16-4a41-8ca4-87e78cabe5b4,,2026-02-21 15:19:22.242,qr_a081d27a
f64115d3-00c8-462d-ac46-e1aa77f370bd,cffaf07c-5e91-4c30-bf7f-63779a296454,149dca0c-2d06-402a-a468-0d667c3f9728,,2026-02-22 15:19:22.242,qr_8cc095cc
8e2dc8ce-124a-4848-ad69-8fc37d9177ee,43041815-e118-4049-a65c-928ce5079c0d,076677af-ae78-4f4d-a0a4-fed320324add,,2026-02-17 15:19:22.243,qr_901c8e80
6d219498-c689-44e5-88c8-953e706d11e2,10eed5ff-8933-404e-aadb-5864f036e0ea,b2f30c04-b73c-4323-84be-b1c906a48557,,2026-03-15 15:19:22.243,qr_335396a9
4b751c4e-7e51-4b52-a825-be8d6aad4734,952f67ab-b948-48a4-8c56-abc73d5ef2d4,eb2d4d28-07e0-4e07-9d91-0a1969555ae9,,2026-03-07 15:19:22.244,qr_4ca05e19
dd8a4bb4-a59c-4509-ac1c-b284292dd8e0,3e760ba7-bdbf-475b-96de-909113eab75f,ace01c06-4677-40cd-bb1d-0ce2e8630fef,,2026-02-22 15:19:22.244,qr_28f6df7e
1edd2686-4160-4ae1-b3d2-dab798c492a9,6221c0e0-95ee-4508-9e61-519f6d8756e9,d6413f44-7949-4eca-9f13-1ad1e6b8395d,,2026-02-20 15:19:22.245,qr_3827d938
2d83effd-18ed-4e6d-b1c7-9c00847aa8f6,d4326384-2a6d-449c-b9a9-d8ba4a6bd781,9009c29d-cd16-4a41-8ca4-87e78cabe5b4,,2026-02-27 15:19:22.245,qr_de7022f5
527b638d-e447-46fb-a958-24726db4dbf1,d544ba73-9c39-40b8-96f0-dacf4c914d82,58ceb069-d55a-487c-b080-855d993b7109,,2026-03-09 15:19:22.246,qr_4b4538e4
1cbb88ed-c5d4-4dd0-9a97-3e1c0aa36011,10eed5ff-8933-404e-aadb-5864f036e0ea,6f381af7-99fb-4d73-907e-001929f58a62,,2026-03-16 15:19:22.246,qr_3811dd94
dc6ec151-3015-49d2-8651-94b239397dff,efa4c015-3136-4a8c-9dcb-7986d2163674,b2f30c04-b73c-4323-84be-b1c906a48557,,2026-03-14 15:19:22.247,qr_a7fa1fe8
ecffcec2-c581-46ad-9df4-c7981f788ba0,f63ec813-3a1c-45d8-9b48-42a3485a1f8b,f01f72af-b8b9-4307-8d0d-ab4268c4eeac,,2026-03-10 15:19:22.247,qr_4bda5929
ac83ba1b-6448-493b-9671-49d5cdb67df3,544f6cd5-5878-402f-9adf-570847a79696,d45ccda3-7a54-4539-9841-03584afff27f,,2026-02-20 15:19:22.248,qr_3317b50e
4df563a1-48fb-46a0-b241-cc64eef7c061,d544ba73-9c39-40b8-96f0-dacf4c914d82,149dca0c-2d06-402a-a468-0d667c3f9728,,2026-03-03 15:19:22.248,qr_85692e4c
0184a7ea-6ef9-4bbd-8c22-be4f944c5361,0eb813bd-3187-4f0c-9b28-012709bdd46c,a9bf4219-948f-4957-9e45-5e4949aaa023,,2026-03-13 15:19:22.249,qr_fdb7bd9e
d8044f29-db6c-4e5b-8b9a-93eaae514101,c029ea2d-2f55-4b11-8d50-7f9289803c42,0cb1256f-a596-4972-9538-58c4d7998883,,2026-02-19 15:19:22.249,qr_7ea3049e
4235b469-a642-4300-bcef-164629cd3b92,43e96969-a200-4848-ab8c-e33011b79aea,eb2d4d28-07e0-4e07-9d91-0a1969555ae9,,2026-02-26 15:19:22.250,qr_132d46ac
25397b60-3c59-4843-94d5-d3871e001f21,6c752522-2c72-4ddb-92ad-62255221e64a,a9bf4219-948f-4957-9e45-5e4949aaa023,,2026-03-15 15:19:22.250,qr_11289cbc
f95c12ac-3a27-4bb4-94bf-1cc503763ffe,49594c00-b1d0-498a-b817-a7211fcb2f37,f01f72af-b8b9-4307-8d0d-ab4268c4eeac,,2026-03-17 15:19:22.251,qr_c65cf238
f81fdd6d-801d-4b03-a145-0c7beb1b7280,be6d4ef9-3e24-4aa6-9581-fdcf554bf0ac,9d6b03e7-6dd6-4592-9eeb-d9e3bd85567d,,2026-03-12 15:19:22.251,qr_00f16a28
f377fb67-3c7c-4184-b907-ce77113c9e42,15d57ad2-e066-4213-b0b4-c467cf783f82,ace01c06-4677-40cd-bb1d-0ce2e8630fef,,2026-02-27 15:19:22.252,qr_e48c6c6f
15171073-96d6-4f07-86d9-c010d55dcb67,2efa3ce3-3b7d-45a1-a621-4cd17a461aaa,f907683b-b38f-46bd-a7a8-7afd898246fa,,2026-02-19 15:19:22.252,qr_4735902f
f86aa671-c970-4d64-86c9-b96e1e28e9ed,3dc13c7b-9a77-482d-97af-a9e9621cd826,4fa771ca-11d2-4a7d-830a-809082703291,,2026-03-05 15:19:22.253,qr_87dbd6a4
7fb7ec8b-8cde-49dd-b5ea-1a52f6cf7dc8,d7e099b1-1ca7-4dac-b107-08f3c7106a60,4fa771ca-11d2-4a7d-830a-809082703291,,2026-02-24 15:19:22.253,qr_95c8fa4c
9c81efd6-826a-4913-8aed-7c541dd84ac8,c029ea2d-2f55-4b11-8d50-7f9289803c42,a9bf4219-948f-4957-9e45-5e4949aaa023,,2026-03-08 15:19:22.254,qr_e91808a2
2d55dbd9-4ec6-446b-926b-7287a248e77d,aaa931c2-2d7d-4680-957f-46e3ccf2979a,9d6b03e7-6dd6-4592-9eeb-d9e3bd85567d,,2026-03-17 15:19:22.254,qr_4616c5c9
fe5f6edf-38c1-4699-9273-3e02d31689b9,d86195b9-4233-4cc6-865e-cb5795b5c8a9,18cd5b92-d2c7-44c4-be1e-ee76bddf90f7,,2026-02-26 15:19:22.254,qr_4cdbdfa5
1a4ab06e-13da-4587-8c73-bbe8fdb92c73,d4326384-2a6d-449c-b9a9-d8ba4a6bd781,db5552dd-91c6-49c0-bdbb-a6ad72fe9967,,2026-03-15 15:19:22.255,qr_ae020ed0
867388e5-607c-4ea1-8f4d-f652392afc43,9a294617-64a1-44ee-8aff-7bbec1b6d97e,67cb0aa5-09e1-40b9-b140-bfca04307b59,,2026-03-10 15:19:22.256,qr_173c6d02
9a84259e-7a69-44bf-8800-2fa0185df1ef,43041815-e118-4049-a65c-928ce5079c0d,273915ba-cb64-45ea-8921-f1a49234eb3e,,2026-02-18 15:19:22.256,qr_25bf985e
67cfd96d-4cd6-4442-99a2-7c0f78c6249e,d34480a3-d6fa-4d5f-8525-7e6b8eca7dd1,67cb0aa5-09e1-40b9-b140-bfca04307b59,,2026-03-17 15:19:22.256,qr_d3258b53
7bbfad92-35d4-4477-b066-4e62ae115a6f,88d0cb02-6bcb-4a1d-a8f3-497be5527524,8ae1627b-fab3-402f-813a-1ba81dfee355,,2026-02-25 15:19:22.257,qr_d11ed903
1909fff5-7d67-4741-92c5-27a57d57feff,1c6992ed-af51-4232-998b-23c8e70b652c,f01f72af-b8b9-4307-8d0d-ab4268c4eeac,,2026-03-03 15:19:22.257,qr_dbdf415b
c63d3f5a-6ab2-4407-974b-63390c0bccfb,d7e099b1-1ca7-4dac-b107-08f3c7106a60,d6413f44-7949-4eca-9f13-1ad1e6b8395d,,2026-02-27 15:19:22.258,qr_7af8004d
619177b7-1a87-4417-823e-1b41be2ee0f3,aaa931c2-2d7d-4680-957f-46e3ccf2979a,8ae1627b-fab3-402f-813a-1ba81dfee355,,2026-03-13 15:19:22.258,qr_e17f8177
eeb6732f-5d85-4048-81f9-44699b8c9348,eebf0298-9f3f-42bd-a1ef-02207c69ab72,871cedb9-06fe-4175-a3fa-839a14c53219,,2026-03-03 15:19:22.259,qr_d571b128
628f1c23-6622-4798-9319-0f6caf2bb51c,cffaf07c-5e91-4c30-bf7f-63779a296454,67cb0aa5-09e1-40b9-b140-bfca04307b59,,2026-03-09 15:19:22.260,qr_2ba45e29
75987f1e-ea23-4a9c-a9a5-35e23d45e7c9,874cceda-d069-4356-a666-dae3f04f8f0b,ab0a81d1-9e97-44f4-867c-411ba9799bbe,,2026-02-25 15:19:22.260,qr_637440bd
4a965973-0dfd-4854-9af1-cc1ab130959a,9e9a9a25-204b-4c05-b378-252fb40a0f16,6f381af7-99fb-4d73-907e-001929f58a62,,2026-03-01 15:19:22.261,qr_cddcc1cd
ad656a2a-946e-46be-a67a-840daf6880fe,391f2161-61af-44d4-8dbf-77347ef93bd9,58ceb069-d55a-487c-b080-855d993b7109,,2026-03-07 15:19:22.262,qr_1a8c6f21
dd07890a-f8b1-431b-9186-bdff1850da3f,2de5ebdf-3cc8-4789-ba23-39749abc265a,f3fa6d13-f146-4a6f-bca9-c8aaacb7c180,,2026-02-22 15:19:22.262,qr_bfc22381
e312d508-68b6-4f1c-856d-e0aa0eb7b5fd,a91dac93-377c-48e1-97b0-4eb3b61e53a3,724764e7-ff07-470c-b57a-99c5236e77ee,,2026-02-27 15:19:22.263,qr_d31461f2
c79ab3c2-6efd-4748-8875-15d32ec79b1f,17da070d-ea3d-4744-9ccd-9046906adc20,58ceb069-d55a-487c-b080-855d993b7109,,2026-02-26 15:19:22.263,qr_3bbdcf37
6ccb6a13-5ee2-4791-8c3a-11c4801a373e,a3b2735e-8f22-4d93-bf4d-bb98f0cd9572,db5552dd-91c6-49c0-bdbb-a6ad72fe9967,,2026-02-28 15:19:22.264,qr_1d8b7d0c
4be97223-2e38-48f9-8a00-fa5c6d57fedc,1b27cbc4-3a52-472a-b4f7-b711f90600ba,867f0884-1b6f-4505-90e9-9177f1fdcb17,,2026-02-18 15:19:22.264,qr_a7f1c051
aa2eaafe-fd69-4664-9105-03c6df9f1902,0eb813bd-3187-4f0c-9b28-012709bdd46c,8ab136db-af7e-4428-a861-1d9c21aad10e,,2026-02-26 15:19:22.265,qr_274ab2f9
7aaf2333-2ba9-4c8e-b724-85b5151bb44e,1c6992ed-af51-4232-998b-23c8e70b652c,d45ccda3-7a54-4539-9841-03584afff27f,,2026-02-28 15:19:22.266,qr_1095911b
21ef5f69-fd1b-4227-a90f-c47f3ae3ec9d,d93d3174-edb5-47e5-a666-4760c8ae0feb,58ceb069-d55a-487c-b080-855d993b7109,,2026-03-04 15:19:22.266,qr_3bbe0b8e
bfa2be5f-094c-4052-b88d-3cb38ac1141a,a203669c-7093-4f11-a613-0eca13d0958f,c477818f-9cc3-47b7-9a8e-f596f39db643,,2026-03-01 15:19:22.267,qr_a4388f61
c5e0ca2b-d574-44c7-a367-84d95e743dc6,0422ae3e-ed16-4148-bfb9-923969f0bcd6,58ceb069-d55a-487c-b080-855d993b7109,,2026-03-03 15:19:22.268,qr_380a3616
a2b830d3-fec5-4c97-9bd5-a063bdcac11a,4dac49cd-8b50-4478-bc29-4463456cc74f,4fa771ca-11d2-4a7d-830a-809082703291,,2026-02-23 15:19:22.268,qr_595d21e1
295f1146-ac33-4389-b978-d86f753e61e1,c73880b0-8c40-4b5c-aae9-8d81004c8326,753d1fa8-d7c2-4240-80b1-7b875fbac6f7,,2026-03-14 15:19:22.269,qr_3eb7b6fb
a1c85477-c336-4f50-b59b-6dd9f07d8d6a,b5ce1893-7522-414b-ae10-6914691d340c,eb2d4d28-07e0-4e07-9d91-0a1969555ae9,,2026-03-01 15:19:22.269,qr_d6f8056f
1fdf331b-d533-4c2e-a818-55a193851a39,23e3fae9-7ada-483a-95e6-5c38a7732942,9009c29d-cd16-4a41-8ca4-87e78cabe5b4,,2026-03-07 15:19:22.270,qr_a825555b
f59bde1d-0232-4fd9-91a0-2f883ac58642,f63ec813-3a1c-45d8-9b48-42a3485a1f8b,92b3025b-3929-4918-816a-5759ec61a5e9,,2026-02-24 15:19:22.270,qr_aa7008ee
4ee620be-e424-4239-9f5b-ac7f389684a2,4dac49cd-8b50-4478-bc29-4463456cc74f,ebfcf253-670a-4ee8-a549-32498bdca5ff,,2026-03-05 15:19:22.271,qr_094a8cf1
3179805f-f6a1-4fa9-8dac-38db20b2702d,efa4c015-3136-4a8c-9dcb-7986d2163674,d6413f44-7949-4eca-9f13-1ad1e6b8395d,,2026-03-05 15:19:22.271,qr_422faaf0
9d72f6dc-fd38-4295-bb2d-82863099e7f0,0422ae3e-ed16-4148-bfb9-923969f0bcd6,eba557ce-e134-4eab-b7e4-dec55e027c6b,,2026-03-02 15:19:22.272,qr_942d24ff
