id,user_id,event_id,rating,comment,created_at
a6754ab9-f865-4aba-ae38-6d9952c89970,a91dac93-377c-48e1-97b0-4eb3b61e53a3,724764e7-ff07-470c-b57a-99c5236e77ee,5,Would definitely attend again!,2026-03-18 15:19:22.686
c585d213-8ab0-4304-b40e-5bceb16f963d,d34480a3-d6fa-4d5f-8525-7e6b8eca7dd1,67cb0aa5-09e1-40b9-b140-bfca04307b59,3,The venue was too small for the crowd.,2026-03-18 15:19:22.682
e9a821e8-ef4e-4c35-856d-1d0708f8a84c,1b27cbc4-3a52-472a-b4f7-b711f90600ba,273915ba-cb64-45ea-8921-f1a49234eb3e,4,Good networking opportunity.,2026-03-18 15:19:22.659
791d64db-2828-4740-8207-72b78762ea89,49594c00-b1d0-498a-b817-a7211fcb2f37,7b878734-1d4a-4fa9-bd7a-77c3180bf45a,4,Good networking opportunity.,2026-03-18 15:19:22.650
f3e7530e-ecf6-4196-b1c5-c656e2a8c078,7bb8482a-941c-4fd3-ba41-cca1c440a836,8ae1627b-fab3-402f-813a-1ba81dfee355,3,Not what I expected.,2026-03-18 15:19:22.645
3d1e5370-0bce-48b2-ae09-77fc93e37e2f,4a3adbd6-19d6-4408-91ca-63119a4d4218,b1ec34d9-b435-41d5-859f-0d3786111920,3,Amazing speakers and content!,2026-03-18 15:19:22.617
9350f4b4-c6e6-4bb0-ab51-9755c3efebb7,43041815-e118-4049-a65c-928ce5079c0d,3e022a2a-06fe-4cfc-a1b5-af39afbc799b,5,Amazing speakers and content!,2026-03-18 15:19:22.603
bdbf18e4-32d2-4252-a266-6f3278f7c90d,02e1836f-059b-4446-9db9-f58b83ab8285,428b7470-f951-4db9-8ed8-1bb45798c15b,4,Amazing speakers and content!,2026-03-18 15:19:22.585
74a24b73-f3aa-4448-b791-80b830c5cc33,aaa931c2-2d7d-4680-957f-46e3ccf2979a,3beeb6f2-ddf0-480e-a693-a64ffa5bb810,5,Could have been better.,2026-03-18 15:19:22.581
f21d8a1a-5e68-452e-9ea2-ccc5c59e89ae,9e9a9a25-204b-4c05-b378-252fb40a0f16,67cb0aa5-09e1-40b9-b140-bfca04307b59,4,The venue was too small for the crowd.,2026-03-18 15:19:22.453
fdc0b8e5-beeb-4c7d-b5f8-2f98ee001e49,15d57ad2-e066-4213-b0b4-c467cf783f82,753d1fa8-d7c2-4240-80b1-7b875fbac6f7,3,,2026-03-18 15:19:22.450
143c8bac-d7be-4d2e-be78-fd90bb510f8a,050ee62b-b5ef-475c-ba3b-b3ccfc5d3938,ace01c06-4677-40cd-bb1d-0ce2e8630fef,3,Would definitely attend again!,2026-03-18 15:19:22.432
5ab3b421-795b-4c56-bb83-4f3a223c10b2,9a294617-64a1-44ee-8aff-7bbec1b6d97e,db5552dd-91c6-49c0-bdbb-a6ad72fe9967,5,Good networking opportunity.,2026-03-18 15:19:22.386
7de6ebdb-2343-4169-b385-27a631928e9e,aaa931c2-2d7d-4680-957f-46e3ccf2979a,273915ba-cb64-45ea-8921-f1a49234eb3e,3,Great event! Learned a lot.,2026-03-18 15:19:22.385
3f8b6ba0-12f6-48fd-b227-f1b5ff6534cb,00db2a26-ced6-4f6a-b1e6-d2f71c5d8316,b1ec34d9-b435-41d5-859f-0d3786111920,3,Not what I expected.,2026-03-18 15:19:22.378
02ba4184-9d41-4e2b-a0b7-31ea9ef935f5,7bb8482a-941c-4fd3-ba41-cca1c440a836,359761bb-19e4-4f0e-a4cd-760261b19dc5,3,Could have been better.,2026-03-18 15:19:22.367
b1586b6d-f35b-4d60-bdc0-c965280703c1,2efa3ce3-3b7d-45a1-a621-4cd17a461aaa,8ae1627b-fab3-402f-813a-1ba81dfee355,5,,2026-03-18 15:19:22.363
822e0ec9-d6a4-45be-b9f5-d27f22644b5d,3e9d43b0-6ccf-4d07-b4b6-d8ebe0641a77,f907683b-b38f-46bd-a7a8-7afd898246fa,3,Could have been better.,2026-03-18 15:19:22.345
70de3a24-9f21-4bba-82ab-6f687c6da7b7,eebf0298-9f3f-42bd-a1ef-02207c69ab72,428b7470-f951-4db9-8ed8-1bb45798c15b,5,The venue was too small for the crowd.,2026-03-18 15:19:22.331
5419ddf8-4b1f-429a-b6d1-0ab4d6c3cac4,2de5ebdf-3cc8-4789-ba23-39749abc265a,9009c29d-cd16-4a41-8ca4-87e78cabe5b4,3,Not what I expected.,2026-03-18 15:19:22.321
f18a886c-ba41-48d8-aaeb-8ec65001055c,f90791e3-62d3-4448-832c-58e6a9b762c2,18cd5b92-d2c7-44c4-be1e-ee76bddf90f7,2,Excellent hands-on experience.,2026-03-18 15:19:22.307
22d64c56-8c79-4018-9e7d-21396c3d30c8,0422ae3e-ed16-4148-bfb9-923969f0bcd6,ace01c06-4677-40cd-bb1d-0ce2e8630fef,5,Could have been better.,2026-03-18 15:19:22.299
a50bce00-6edc-48a5-aadf-cac5df203cc5,a203669c-7093-4f11-a613-0eca13d0958f,bf940740-0ebd-4a03-80ec-1067a0607b7e,3,Well organized and informative.,2026-03-17 15:19:22.675
6da52814-6c8e-4d51-b750-9eb13c844447,3e9d43b0-6ccf-4d07-b4b6-d8ebe0641a77,f01f72af-b8b9-4307-8d0d-ab4268c4eeac,4,Amazing speakers and content!,2026-03-17 15:19:22.646
bb68c376-66d0-4916-8a4f-f77f9951cf76,49594c00-b1d0-498a-b817-a7211fcb2f37,867f0884-1b6f-4505-90e9-9177f1fdcb17,4,The venue was too small for the crowd.,2026-03-17 15:19:22.644
3788144a-8f80-4aaa-83e3-969c270386b7,c029ea2d-2f55-4b11-8d50-7f9289803c42,db5552dd-91c6-49c0-bdbb-a6ad72fe9967,5,Great event! Learned a lot.,2026-03-17 15:19:22.642
ad435bab-e918-434c-bb91-654ba5360af0,3e9d43b0-6ccf-4d07-b4b6-d8ebe0641a77,b2f30c04-b73c-4323-84be-b1c906a48557,5,Good networking opportunity.,2026-03-17 15:19:22.619
6bd101b0-0860-467a-89fe-f54ed8f3f9bd,2efa3ce3-3b7d-45a1-a621-4cd17a461aaa,359761bb-19e4-4f0e-a4cd-760261b19dc5,5,Could have been better.,2026-03-17 15:19:22.604
a6d32d87-9322-461c-8eae-368c69f5f0c1,be6d4ef9-3e24-4aa6-9581-fdcf554bf0ac,359761bb-19e4-4f0e-a4cd-760261b19dc5,3,Excellent hands-on experience.,2026-03-17 15:19:22.599
ee703d3d-7eab-4315-b718-002c8843f2fe,1b27cbc4-3a52-472a-b4f7-b711f90600ba,90ec8d7a-0a80-4ec0-8221-29c4bed09b78,4,Would definitely attend again!,2026-03-17 15:19:22.597
76823299-5bd8-4388-a153-0bea705ff250,3189a985-4b72-42f8-b615-cd01c585ca88,3e022a2a-06fe-4cfc-a1b5-af39afbc799b,5,Well organized and informative.,2026-03-17 15:19:22.548
dc516e47-d594-4688-8dfd-61f325f78816,43e96969-a200-4848-ab8c-e33011b79aea,149dca0c-2d06-402a-a468-0d667c3f9728,5,Excellent hands-on experience.,2026-03-17 15:19:22.506
9dd85637-5e15-49b6-ac5e-d6ecd919c94a,b5ce1893-7522-414b-ae10-6914691d340c,92b3025b-3929-4918-816a-5759ec61a5e9,4,,2026-03-17 15:19:22.496
e31dde18-b585-4786-81bf-91df3b094afe,23e3fae9-7ada-483a-95e6-5c38a7732942,d6413f44-7949-4eca-9f13-1ad1e6b8395d,3,Would definitely attend again!,2026-03-17 15:19:22.490
c8cc95d9-af22-4154-ac23-ea91bcbb51dc,43e96969-a200-4848-ab8c-e33011b79aea,9cc8f230-8eb7-4baf-91aa-3476c5da3768,3,Amazing speakers and content!,2026-03-17 15:19:22.475
91a12974-f2ac-45e1-aa00-015aedacac09,544f6cd5-5878-402f-9adf-570847a79696,871cedb9-06fe-4175-a3fa-839a14c53219,4,Good networking opportunity.,2026-03-17 15:19:22.448
15b7184f-ea08-40b4-85aa-379e8e56302c,0422ae3e-ed16-4148-bfb9-923969f0bcd6,7b878734-1d4a-4fa9-bd7a-77c3180bf45a,3,Good networking opportunity.,2026-03-17 15:19:22.436
69d23a7e-6039-4d79-887c-cc650401c751,dac76df2-ffa2-457e-9a2d-424bcd283830,58ceb069-d55a-487c-b080-855d993b7109,3,Not what I expected.,2026-03-17 15:19:22.431
8e77d772-a8fb-4e24-b589-68928974dec1,0eb813bd-3187-4f0c-9b28-012709bdd46c,67cb0aa5-09e1-40b9-b140-bfca04307b59,3,Could have been better.,2026-03-17 15:19:22.420
22e8554b-c4f0-42a7-a6df-b36ec0b233b8,c029ea2d-2f55-4b11-8d50-7f9289803c42,58ceb069-d55a-487c-b080-855d993b7109,5,Well organized and informative.,2026-03-17 15:19:22.393
115fa18a-d615-41ee-8d36-32278d1b463a,dac76df2-ffa2-457e-9a2d-424bcd283830,d6413f44-7949-4eca-9f13-1ad1e6b8395d,3,Good networking opportunity.,2026-03-17 15:19:22.389
37a032ce-5ad0-4a3f-8b61-323645aec361,2de5ebdf-3cc8-4789-ba23-39749abc265a,a9bf4219-948f-4957-9e45-5e4949aaa023,5,Well organized and informative.,2026-03-17 15:19:22.383
c1b1c0e0-34e5-40c7-8edd-7e16fb070661,a91dac93-377c-48e1-97b0-4eb3b61e53a3,db5552dd-91c6-49c0-bdbb-a6ad72fe9967,4,Would definitely attend again!,2026-03-17 15:19:22.380
8f32e6b2-e2aa-45d9-ae5c-0c48ca2d9bc5,43e96969-a200-4848-ab8c-e33011b79aea,359761bb-19e4-4f0e-a4cd-760261b19dc5,4,,2026-03-17 15:19:22.377
beae27fb-6e79-45a5-a95e-d22893517c51,34e8dde8-ebdf-495f-81df-934a49797b36,9009c29d-cd16-4a41-8ca4-87e78cabe5b4,4,Would definitely attend again!,2026-03-17 15:19:22.337
ea1a5dcd-b944-49a4-8e6b-3c0b7dcd4971,7bb8482a-941c-4fd3-ba41-cca1c440a836,9d534d4e-dc03-49d5-bc71-56dfe3fd6914,4,Well organized and informative.,2026-03-17 15:19:22.336
aaf972b6-eb6d-4168-a6b4-c58e1986867d,a203669c-7093-4f11-a613-0eca13d0958f,b1ec34d9-b435-41d5-859f-0d3786111920,4,Great event! Learned a lot.,2026-03-17 15:19:22.321
67111eca-0225-4506-9626-269154ab24ea,4a3adbd6-19d6-4408-91ca-63119a4d4218,871cedb9-06fe-4175-a3fa-839a14c53219,4,Amazing speakers and content!,2026-03-16 15:19:22.690
2568363c-4f1c-424b-9686-29a9e973c370,43a0fe9d-2407-4be8-94db-299355410786,724764e7-ff07-470c-b57a-99c5236e77ee,4,Good networking opportunity.,2026-03-16 15:19:22.657
17887fda-8cb6-4036-9824-af782db6e4b3,00db2a26-ced6-4f6a-b1e6-d2f71c5d8316,867f0884-1b6f-4505-90e9-9177f1fdcb17,5,Well organized and informative.,2026-03-16 15:19:22.649
1e82ec62-5f41-4e82-a596-fdaf09678a66,23e3fae9-7ada-483a-95e6-5c38a7732942,90ec8d7a-0a80-4ec0-8221-29c4bed09b78,4,Excellent hands-on experience.,2026-03-16 15:19:22.635
49d454fa-cf9e-4eee-93a6-0263d825fe3c,5d877a2c-fecd-4d52-b60c-027c8ce709d2,724764e7-ff07-470c-b57a-99c5236e77ee,4,Amazing speakers and content!,2026-03-16 15:19:22.602
8135b51f-ba84-491c-9433-8fabfe88112e,82b86e28-380b-49a1-b39f-71fe625a8c30,d6413f44-7949-4eca-9f13-1ad1e6b8395d,4,Excellent hands-on experience.,2026-03-16 15:19:22.596
e6395513-0f69-4dd8-885c-89bd71b9c63e,efa4c015-3136-4a8c-9dcb-7986d2163674,076677af-ae78-4f4d-a0a4-fed320324add,5,Amazing speakers and content!,2026-03-16 15:19:22.594
2cf0963b-f745-4a69-9cbb-2416bd25758f,4c699e1a-e949-4914-a420-0b295837f783,9d6b03e7-6dd6-4592-9eeb-d9e3bd85567d,3,Could have been better.,2026-03-16 15:19:22.541
d9f8ac61-c566-48bd-9f63-9c4c8ac66215,3e760ba7-bdbf-475b-96de-909113eab75f,67cb0aa5-09e1-40b9-b140-bfca04307b59,5,Well organized and informative.,2026-03-16 15:19:22.498
06e81191-9282-4f2c-adbf-8e7109e71522,60cf6a4d-37a6-4c2d-b6cb-dfd8618e50d6,724764e7-ff07-470c-b57a-99c5236e77ee,4,Good networking opportunity.,2026-03-16 15:19:22.483
f78c325d-c40b-4718-9f34-f3c17dbc85b2,544f6cd5-5878-402f-9adf-570847a79696,7b878734-1d4a-4fa9-bd7a-77c3180bf45a,4,Excellent hands-on experience.,2026-03-16 15:19:22.481
1852a0f9-7f3f-479b-841f-53b560e133df,277e987b-a059-4dec-af1f-ba96e3c6a85a,273915ba-cb64-45ea-8921-f1a49234eb3e,4,,2026-03-16 15:19:22.456
af10ce18-8809-4994-a620-ba02e7ab8019,a9df9181-3721-4a32-819e-ae3cbd3707d2,eb2d4d28-07e0-4e07-9d91-0a1969555ae9,5,Not what I expected.,2026-03-16 15:19:22.446
19dd7322-3a01-431d-a62a-ed7563389648,9a294617-64a1-44ee-8aff-7bbec1b6d97e,6f381af7-99fb-4d73-907e-001929f58a62,4,Not what I expected.,2026-03-16 15:19:22.424
4a0dbd1c-9baf-4e04-b16d-af2de0c63aad,99624f39-44a6-4f50-82a1-86b4498ab5d6,9d6b03e7-6dd6-4592-9eeb-d9e3bd85567d,5,Well organized and informative.,2026-03-16 15:19:22.402
60119fd0-e1bd-4523-9929-6d92782d7143,4c699e1a-e949-4914-a420-0b295837f783,cc09b50f-b2f4-469e-b259-ccf6ecb69a71,4,Would definitely attend again!,2026-03-16 15:19:22.375
4627daf5-e792-433e-ab35-0edff7784a33,5a807382-4737-441b-9a14-a54fa18fd508,d6413f44-7949-4eca-9f13-1ad1e6b8395d,5,Amazing speakers and content!,2026-03-16 15:19:22.366
c56e5ceb-097b-4c89-8275-c842c3f8def4,b6a4eee0-af07-42c7-a4a1-0f1b8990de68,025164fb-b247-405d-a6ef-87432c7a883d,5,Good networking opportunity.,2026-03-16 15:19:22.361
6a7335df-03f0-4121-8697-e00294d9135b,0eb813bd-3187-4f0c-9b28-012709bdd46c,d6413f44-7949-4eca-9f13-1ad1e6b8395d,5,Good networking opportunity.,2026-03-16 15:19:22.358
67b55a9b-d322-447d-b443-108e3b3a8ef1,e7b32a95-c19b-4788-aabf-76c71f1b1bf5,ace01c06-4677-40cd-bb1d-0ce2e8630fef,3,Not what I expected.,2026-03-16 15:19:22.328
bd430b8d-e66e-49db-bda1-10ef22d621c5,4a3adbd6-19d6-4408-91ca-63119a4d4218,93824d88-2df8-4304-9bb5-862d5a8e0548,3,Would definitely attend again!,2026-03-15 15:19:22.685
32fe6204-1512-4604-85d5-6cce397b6735,9e9a9a25-204b-4c05-b378-252fb40a0f16,6f381af7-99fb-4d73-907e-001929f58a62,5,Amazing speakers and content!,2026-03-15 15:19:22.684
ae5c8db3-66f7-4b12-98e1-a5894331f5bd,c029ea2d-2f55-4b11-8d50-7f9289803c42,0cb1256f-a596-4972-9538-58c4d7998883,4,Not what I expected.,2026-03-15 15:19:22.677
8f14e5ee-544a-4ee0-b018-b8477e27bf29,d4326384-2a6d-449c-b9a9-d8ba4a6bd781,9009c29d-cd16-4a41-8ca4-87e78cabe5b4,4,Well organized and informative.,2026-03-15 15:19:22.672
5875715d-bff7-46e5-81ab-038a84895d5c,d34480a3-d6fa-4d5f-8525-7e6b8eca7dd1,58ceb069-d55a-487c-b080-855d993b7109,4,Well organized and informative.,2026-03-15 15:19:22.664
b1119384-c06d-4d3c-b18b-7b4cd324ceb8,81f417cb-ce9d-4fa2-b08e-6f898e1edbeb,c477818f-9cc3-47b7-9a8e-f596f39db643,4,Amazing speakers and content!,2026-03-15 15:19:22.655
4d1ad690-1bfa-4f59-a86e-cdb22e552e17,49594c00-b1d0-498a-b817-a7211fcb2f37,359761bb-19e4-4f0e-a4cd-760261b19dc5,5,Excellent hands-on experience.,2026-03-15 15:19:22.643
6bfdc786-8306-4424-8077-b366ad208339,b6a4eee0-af07-42c7-a4a1-0f1b8990de68,17421e06-2d29-46bf-b4cc-96fdd85e0723,3,Would definitely attend again!,2026-03-15 15:19:22.614
14b0f33a-8299-4998-b770-8b31b89c2538,efa4c015-3136-4a8c-9dcb-7986d2163674,18cd5b92-d2c7-44c4-be1e-ee76bddf90f7,2,Good networking opportunity.,2026-03-15 15:19:22.613
c183cdbc-95bf-48f4-ae29-96f40965e3e1,34e8dde8-ebdf-495f-81df-934a49797b36,f3fa6d13-f146-4a6f-bca9-c8aaacb7c180,5,Not what I expected.,2026-03-15 15:19:22.590
56a774d6-33ea-47e1-a286-6e2017ffa945,874cceda-d069-4356-a666-dae3f04f8f0b,025164fb-b247-405d-a6ef-87432c7a883d,4,Could have been better.,2026-03-15 15:19:22.574
662b2ff1-54df-4c00-9885-b1a6fe3e3365,cf2986c4-d916-49b8-8af8-e907fca9b690,6f381af7-99fb-4d73-907e-001929f58a62,5,Would definitely attend again!,2026-03-15 15:19:22.573
97f6cd27-4eeb-4839-a34e-9413d272fbc4,cf2986c4-d916-49b8-8af8-e907fca9b690,90ec8d7a-0a80-4ec0-8221-29c4bed09b78,5,Not what I expected.,2026-03-15 15:19:22.561
9919d714-ac5b-47a9-a233-5972162e965c,b186f3f0-786f-4af3-8266-ed05dd0ae33e,7b878734-1d4a-4fa9-bd7a-77c3180bf45a,4,The venue was too small for the crowd.,2026-03-15 15:19:22.539
08753fa2-7b33-4bba-a468-24b700bdbdab,2efa3ce3-3b7d-45a1-a621-4cd17a461aaa,a9bf4219-948f-4957-9e45-5e4949aaa023,5,Excellent hands-on experience.,2026-03-15 15:19:22.503
de8ddd19-a0a7-4dc5-9567-e02ebfc4a468,4dac49cd-8b50-4478-bc29-4463456cc74f,ace01c06-4677-40cd-bb1d-0ce2e8630fef,3,Amazing speakers and content!,2026-03-15 15:19:22.472
d5c5a67e-6fdc-4198-97b8-7c61bb337b94,3189a985-4b72-42f8-b615-cd01c585ca88,d6413f44-7949-4eca-9f13-1ad1e6b8395d,5,Excellent hands-on experience.,2026-03-15 15:19:22.411
cbfb0af5-abb6-4a76-86df-9c120627475c,be6d4ef9-3e24-4aa6-9581-fdcf554bf0ac,eba557ce-e134-4eab-b7e4-dec55e027c6b,5,Would definitely attend again!,2026-03-15 15:19:22.363
98b31074-32ae-4a01-8e1d-5503ebc202e8,4a3adbd6-19d6-4408-91ca-63119a4d4218,67cb0aa5-09e1-40b9-b140-bfca04307b59,3,Not what I expected.,2026-03-15 15:19:22.362
4023f043-a57f-4d79-b5c7-2166e25aa4d9,43041815-e118-4049-a65c-928ce5079c0d,149dca0c-2d06-402a-a468-0d667c3f9728,5,Amazing speakers and content!,2026-03-15 15:19:22.360
a72d4510-f22d-4b5d-a2c1-ba69bb9a0478,a203669c-7093-4f11-a613-0eca13d0958f,9d534d4e-dc03-49d5-bc71-56dfe3fd6914,3,The venue was too small for the crowd.,2026-03-15 15:19:22.349
c80f3b11-3ddd-4de2-aabd-da4bba869044,be351f36-e076-4db6-a66e-2b2c4b249567,428b7470-f951-4db9-8ed8-1bb45798c15b,5,Excellent hands-on experience.,2026-03-15 15:19:22.342
463bf6dc-eb76-4101-a145-fe9611f69701,be6d4ef9-3e24-4aa6-9581-fdcf554bf0ac,b1ec34d9-b435-41d5-859f-0d3786111920,5,Amazing speakers and content!,2026-03-15 15:19:22.340
732da16c-44a7-40b3-85be-92fe267ccc1e,1c6992ed-af51-4232-998b-23c8e70b652c,ace01c06-4677-40cd-bb1d-0ce2e8630fef,3,Good networking opportunity.,2026-03-15 15:19:22.329
c61b38b1-14c4-4846-b54b-370022f2a098,2de5ebdf-3cc8-4789-ba23-39749abc265a,eb2d4d28-07e0-4e07-9d91-0a1969555ae9,4,,2026-03-15 15:19:22.320
2f384eb8-05a6-4820-8e61-5c661790dc57,b5ed048e-87ea-4e0e-b843-70a8c3800821,871cedb9-06fe-4175-a3fa-839a14c53219,5,Good networking opportunity.,2026-03-15 15:19:22.311
9c4e6974-6b5b-4650-b734-a229e5da0ff9,4dac49cd-8b50-4478-bc29-4463456cc74f,428b7470-f951-4db9-8ed8-1bb45798c15b,4,Great event! Learned a lot.,2026-03-15 15:19:22.293
cf818306-d3d2-43e4-8654-2734acf50a1a,c208b9fc-90ea-44bd-bb94-e769a38d8ab2,273915ba-cb64-45ea-8921-f1a49234eb3e,5,Amazing speakers and content!,2026-03-15 15:19:22.288
ec780cf2-da16-4d21-92fb-3299e4209f54,4dc0f433-b40f-450f-ab5f-d6b81a23779b,a9bf4219-948f-4957-9e45-5e4949aaa023,4,Not what I expected.,2026-03-15 15:19:22.279
587eb0bf-c2f0-4df0-b0e7-33eb4837ff1f,874cceda-d069-4356-a666-dae3f04f8f0b,eb2d4d28-07e0-4e07-9d91-0a1969555ae9,3,Well organized and informative.,2026-03-15 15:19:22.277
63e9457b-31ea-4518-8963-24e6cd048cec,08451ca8-2fb6-45a5-8029-f7df481edc36,ebfcf253-670a-4ee8-a549-32498bdca5ff,5,,2026-03-15 15:19:22.276
2dd254a4-5d67-4cb5-b8e7-b4eec4aace0f,88d0cb02-6bcb-4a1d-a8f3-497be5527524,8ae1627b-fab3-402f-813a-1ba81dfee355,4,Could have been better.,2026-03-14 15:19:22.683
cf560bfc-9d15-4d15-a3ad-1470cde8fdb5,9a294617-64a1-44ee-8aff-7bbec1b6d97e,67cb0aa5-09e1-40b9-b140-bfca04307b59,4,Would definitely attend again!,2026-03-14 15:19:22.681
62e06bc2-2176-4646-b2aa-0ed2da463afd,d7e099b1-1ca7-4dac-b107-08f3c7106a60,4fa771ca-11d2-4a7d-830a-809082703291,4,Could have been better.,2026-03-14 15:19:22.679
fc707475-65c0-45ef-b5cb-9803ba5835ef,4dc0f433-b40f-450f-ab5f-d6b81a23779b,7b878734-1d4a-4fa9-bd7a-77c3180bf45a,4,Would definitely attend again!,2026-03-14 15:19:22.669
ab636f7c-1d60-42b9-b76b-e3a9631f8f06,e41e510f-147e-43cb-9ff9-a884822442c7,9c4ee923-36d1-4822-85fd-73a19a69d869,4,Well organized and informative.,2026-03-14 15:19:22.665
127c4856-092c-448e-9be3-9cfe80581dba,0f1fbcba-a49d-4556-a38d-e89e2736f709,d5dfcb90-4f5c-4ce0-9225-e0ce92aea046,3,Good networking opportunity.,2026-03-14 15:19:22.615
080c038c-fa75-4f5d-9c00-568044f58369,7a3a9c11-6e7c-4787-bf8f-12e304cfe23d,a418507d-2dda-4574-b28f-a7944c7b99fe,5,Excellent hands-on experience.,2026-03-14 15:19:22.589
05ec38be-6f10-44a0-9315-48c92a897636,c208b9fc-90ea-44bd-bb94-e769a38d8ab2,9d6b03e7-6dd6-4592-9eeb-d9e3bd85567d,4,The venue was too small for the crowd.,2026-03-14 15:19:22.552
e6e08bf0-1261-4d6a-9f89-d90a0f9ba768,bc9f4495-ac87-426a-b3fc-e9d762c9ccd6,9d6b03e7-6dd6-4592-9eeb-d9e3bd85567d,5,Would definitely attend again!,2026-03-14 15:19:22.543
b30f2d52-1aa9-40e5-9fd5-6aef3ccbc99a,9e9a9a25-204b-4c05-b378-252fb40a0f16,724764e7-ff07-470c-b57a-99c5236e77ee,5,Not what I expected.,2026-03-14 15:19:22.484
201412e0-d683-4f24-992f-c93bda889201,b5ed048e-87ea-4e0e-b843-70a8c3800821,273915ba-cb64-45ea-8921-f1a49234eb3e,5,Excellent hands-on experience.,2026-03-14 15:19:22.387
8d26a427-dd32-4f55-96bc-3d408a7b3749,60cf6a4d-37a6-4c2d-b6cb-dfd8618e50d6,d6413f44-7949-4eca-9f13-1ad1e6b8395d,4,Great event! Learned a lot.,2026-03-14 15:19:22.379
9b8fe93d-f251-45d3-9edb-fbb1ea30552b,99624f39-44a6-4f50-82a1-86b4498ab5d6,d45ccda3-7a54-4539-9841-03584afff27f,4,Excellent hands-on experience.,2026-03-14 15:19:22.371
de52be21-5f53-4237-ba14-f57a813b139a,d34480a3-d6fa-4d5f-8525-7e6b8eca7dd1,a418507d-2dda-4574-b28f-a7944c7b99fe,5,Good networking opportunity.,2026-03-14 15:19:22.364
c16f089f-3c3b-4bbc-afaf-8d83ca879042,6c752522-2c72-4ddb-92ad-62255221e64a,d45ccda3-7a54-4539-9841-03584afff27f,4,Could have been better.,2026-03-14 15:19:22.353
5be448db-c720-449e-8016-724c2d507af7,1713704d-bca8-4eef-bfe3-26e07ab2b811,f01f72af-b8b9-4307-8d0d-ab4268c4eeac,3,Would definitely attend again!,2026-03-14 15:19:22.351
82cdd2f4-c744-4cf5-8995-fd3c6e784795,a9df9181-3721-4a32-819e-ae3cbd3707d2,7b878734-1d4a-4fa9-bd7a-77c3180bf45a,4,Good networking opportunity.,2026-03-14 15:19:22.349
31a8200f-3d92-42d1-ad55-7764cc0d7d97,cffaf07c-5e91-4c30-bf7f-63779a296454,9d6b03e7-6dd6-4592-9eeb-d9e3bd85567d,3,Good networking opportunity.,2026-03-14 15:19:22.334
130f0055-4154-411c-a543-ba898a446767,35637bf2-1c66-4a9f-a7e5-c49114d0198b,025164fb-b247-405d-a6ef-87432c7a883d,4,Could have been better.,2026-03-14 15:19:22.302
f36a37c5-0453-445d-84ff-ce4ae3a693f9,50cc7cdb-c012-453f-bd55-cfc143c04a1a,428b7470-f951-4db9-8ed8-1bb45798c15b,3,The venue was too small for the crowd.,2026-03-14 15:19:22.296
8d7a629e-6266-4dd6-bf1e-c0425b6b78bc,2efa3ce3-3b7d-45a1-a621-4cd17a461aaa,9cc8f230-8eb7-4baf-91aa-3476c5da3768,5,The venue was too small for the crowd.,2026-03-13 15:19:22.676
e5e29564-264e-425e-9b53-3e88a78d383d,eeabf25d-0b51-41f3-9790-3cde3dd052ce,cc09b50f-b2f4-469e-b259-ccf6ecb69a71,4,Well organized and informative.,2026-03-13 15:19:22.674
17c545cc-b486-4315-810a-5f31e2163d49,d544ba73-9c39-40b8-96f0-dacf4c914d82,58ceb069-d55a-487c-b080-855d993b7109,3,Great event! Learned a lot.,2026-03-13 15:19:22.673
450a6747-de34-4655-989d-ff68d1758a9d,04316eb6-7108-4e8f-ad21-402bd71bc009,9d534d4e-dc03-49d5-bc71-56dfe3fd6914,3,Amazing speakers and content!,2026-03-13 15:19:22.637
346b90b8-8b68-4054-a746-8dffb1d1d033,6c752522-2c72-4ddb-92ad-62255221e64a,8ae1627b-fab3-402f-813a-1ba81dfee355,4,Would definitely attend again!,2026-03-13 15:19:22.566
88e35f90-ee7e-4c9e-a62c-232415e44a50,fcfc943c-0c7c-4a90-a9dd-36120ff78e3f,93824d88-2df8-4304-9bb5-862d5a8e0548,5,Great event! Learned a lot.,2026-03-13 15:19:22.537
eee2eec5-8805-42f5-930c-b01076f5ff88,9a294617-64a1-44ee-8aff-7bbec1b6d97e,bf940740-0ebd-4a03-80ec-1067a0607b7e,4,Amazing speakers and content!,2026-03-13 15:19:22.535
637a4e64-79c0-4c6d-afc7-31d402d09edd,cf2986c4-d916-49b8-8af8-e907fca9b690,eba557ce-e134-4eab-b7e4-dec55e027c6b,5,Not what I expected.,2026-03-13 15:19:22.442
3f683da5-3121-47ad-9e8a-a430a6f9d0d3,ef0ee256-9549-4d63-8087-6c16081bd5e6,4fa771ca-11d2-4a7d-830a-809082703291,5,,2026-03-13 15:19:22.356
26ad7b90-d3f5-47c9-897d-72d78cde5580,6221c0e0-95ee-4508-9e61-519f6d8756e9,17421e06-2d29-46bf-b4cc-96fdd85e0723,3,Amazing speakers and content!,2026-03-13 15:19:22.345
f8fe3dcd-3871-4549-b1a1-6e0403b77c81,cf2986c4-d916-49b8-8af8-e907fca9b690,428b7470-f951-4db9-8ed8-1bb45798c15b,5,Excellent hands-on experience.,2026-03-13 15:19:22.313
87f94875-9209-4ffa-82ac-804abb5d07ff,e3842d3b-61c1-4097-bc78-5052a269e064,9cc8f230-8eb7-4baf-91aa-3476c5da3768,4,Well organized and informative.,2026-03-13 15:19:22.296
a1dbc754-1e49-4d14-8c9b-a491f8759096,5bc04554-35d1-466a-901e-bf6a4e02a811,724764e7-ff07-470c-b57a-99c5236e77ee,5,Amazing speakers and content!,2026-03-13 15:19:22.295
ed8f0600-6f67-4456-9d71-1d1c8cdea200,be351f36-e076-4db6-a66e-2b2c4b249567,867f0884-1b6f-4505-90e9-9177f1fdcb17,4,The venue was too small for the crowd.,2026-03-13 15:19:22.278
95edb5ee-cfea-4aa2-a784-1fb32073a623,3e9d43b0-6ccf-4d07-b4b6-d8ebe0641a77,3beeb6f2-ddf0-480e-a693-a64ffa5bb810,3,Good networking opportunity.,2026-03-13 15:19:22.276
2ee015a3-5762-4f33-9ed3-f90b93f94814,a203669c-7093-4f11-a613-0eca13d0958f,c477818f-9cc3-47b7-9a8e-f596f39db643,4,Well organized and informative.,2026-03-12 15:19:22.690
3a7b788b-af77-42fa-bc43-865c8d322f24,d34480a3-d6fa-4d5f-8525-7e6b8eca7dd1,8ab136db-af7e-4428-a861-1d9c21aad10e,5,Excellent hands-on experience.,2026-03-12 15:19:22.636
e287f1a7-deea-4c38-a53d-31e7d3a8c19d,0eb813bd-3187-4f0c-9b28-012709bdd46c,867f0884-1b6f-4505-90e9-9177f1fdcb17,5,Excellent hands-on experience.,2026-03-12 15:19:22.629
c9e48d12-4680-42c1-9a03-2ca0ce9ee128,4fac1881-cc71-495d-a004-d77eca388801,c477818f-9cc3-47b7-9a8e-f596f39db643,4,Excellent hands-on experience.,2026-03-12 15:19:22.618
1622ae48-3ec5-4ebf-830d-9db9fa03020f,5db7d277-984a-486a-8b2c-9b5948345a6d,753d1fa8-d7c2-4240-80b1-7b875fbac6f7,5,Great event! Learned a lot.,2026-03-12 15:19:22.570
f2ee1aae-e493-4a61-9015-1ac417c72c0d,bc9f4495-ac87-426a-b3fc-e9d762c9ccd6,d6413f44-7949-4eca-9f13-1ad1e6b8395d,4,Not what I expected.,2026-03-12 15:19:22.512
949bfb57-799e-4698-a0e5-a9010eca3b2c,17da070d-ea3d-4744-9ccd-9046906adc20,4fa771ca-11d2-4a7d-830a-809082703291,5,Would definitely attend again!,2026-03-12 15:19:22.495
8a35cc87-cc72-43ad-9e11-24ab748d10c6,6221c0e0-95ee-4508-9e61-519f6d8756e9,6f381af7-99fb-4d73-907e-001929f58a62,3,,2026-03-12 15:19:22.492
2065b983-1767-4d15-a10e-08528c94f909,f90791e3-62d3-4448-832c-58e6a9b762c2,724764e7-ff07-470c-b57a-99c5236e77ee,5,Excellent hands-on experience.,2026-03-12 15:19:22.455
d734cb74-70ed-4e4b-89bb-947554da0c1c,2de5ebdf-3cc8-4789-ba23-39749abc265a,273915ba-cb64-45ea-8921-f1a49234eb3e,5,,2026-03-12 15:19:22.434
1ec44962-2eb1-470d-98d8-e3341b53ea14,34e8dde8-ebdf-495f-81df-934a49797b36,8ab136db-af7e-4428-a861-1d9c21aad10e,4,Amazing speakers and content!,2026-03-12 15:19:22.429
5480faeb-b496-4adc-9b37-a03afeeacc5b,4dc0f433-b40f-450f-ab5f-d6b81a23779b,9d6b03e7-6dd6-4592-9eeb-d9e3bd85567d,4,Excellent hands-on experience.,2026-03-12 15:19:22.418
0f4b8cfd-c9ea-4217-a25f-7d9752d43b72,3e760ba7-bdbf-475b-96de-909113eab75f,d6413f44-7949-4eca-9f13-1ad1e6b8395d,4,Well organized and informative.,2026-03-12 15:19:22.416
d07b1aea-3f00-4289-8159-d709d0cf3bcd,49594c00-b1d0-498a-b817-a7211fcb2f37,eba557ce-e134-4eab-b7e4-dec55e027c6b,4,Excellent hands-on experience.,2026-03-12 15:19:22.403
edf49ce6-4a5b-4ee5-9b08-f9b416293fdf,b5ce1893-7522-414b-ae10-6914691d340c,149dca0c-2d06-402a-a468-0d667c3f9728,4,Well organized and informative.,2026-03-12 15:19:22.367
e1902a34-7115-46c1-b96c-6a73740b0e06,0eb813bd-3187-4f0c-9b28-012709bdd46c,d45ccda3-7a54-4539-9841-03584afff27f,4,Excellent hands-on experience.,2026-03-12 15:19:22.352
532d5dbe-c08c-45dd-b678-1755185957f8,b5ce1893-7522-414b-ae10-6914691d340c,753d1fa8-d7c2-4240-80b1-7b875fbac6f7,3,Excellent hands-on experience.,2026-03-12 15:19:22.346
6735b74c-40ad-462e-bf72-41b1ec74e101,43041815-e118-4049-a65c-928ce5079c0d,9cc8f230-8eb7-4baf-91aa-3476c5da3768,5,Great event! Learned a lot.,2026-03-12 15:19:22.338
4ff3bd4b-62e6-4d7f-8818-d47d2bd00a18,f90791e3-62d3-4448-832c-58e6a9b762c2,867f0884-1b6f-4505-90e9-9177f1fdcb17,5,Could have been better.,2026-03-12 15:19:22.327
2fa1dcf3-2501-4820-b0ee-5ddaa50507bc,b6a4eee0-af07-42c7-a4a1-0f1b8990de68,4fa771ca-11d2-4a7d-830a-809082703291,3,Great event! Learned a lot.,2026-03-12 15:19:22.320
740a94ca-5df2-4b1c-b448-3588cb91e691,3dc13c7b-9a77-482d-97af-a9e9621cd826,67cb0aa5-09e1-40b9-b140-bfca04307b59,4,Well organized and informative.,2026-03-12 15:19:22.310
b7be95fd-e2a7-4a0a-8248-60cb59c87753,10eed5ff-8933-404e-aadb-5864f036e0ea,cc09b50f-b2f4-469e-b259-ccf6ecb69a71,4,Could have been better.,2026-03-12 15:19:22.292
8c9f5925-e713-4f6b-8fa8-fa56e33f289c,d7ce9a4e-ab23-4058-9ed7-04f8a8377e0d,8ab136db-af7e-4428-a861-1d9c21aad10e,4,Good networking opportunity.,2026-03-12 15:19:22.275
db854da3-dbcc-4f52-9a36-e2b78d8eb9e2,4dac49cd-8b50-4478-bc29-4463456cc74f,ebfcf253-670a-4ee8-a549-32498bdca5ff,4,Great event! Learned a lot.,2026-03-11 15:19:22.693
08bc7c9e-f797-4608-a58c-440c8edccbe3,3e760ba7-bdbf-475b-96de-909113eab75f,ace01c06-4677-40cd-bb1d-0ce2e8630fef,4,Would definitely attend again!,2026-03-11 15:19:22.671
a7912a0b-241f-43f2-9950-5c8768f7f99b,d34480a3-d6fa-4d5f-8525-7e6b8eca7dd1,eba557ce-e134-4eab-b7e4-dec55e027c6b,5,,2026-03-11 15:19:22.667
fc34aba5-2987-47e4-8815-c09f8801737d,10eed5ff-8933-404e-aadb-5864f036e0ea,871cedb9-06fe-4175-a3fa-839a14c53219,5,Good networking opportunity.,2026-03-11 15:19:22.638
9937c7db-65ff-4e6f-ad62-311fc1b60acf,5db7d277-984a-486a-8b2c-9b5948345a6d,3beeb6f2-ddf0-480e-a693-a64ffa5bb810,4,,2026-03-11 15:19:22.606
71228b79-83ba-4263-8102-a7a5bf456bf0,08451ca8-2fb6-45a5-8029-f7df481edc36,ab0a81d1-9e97-44f4-867c-411ba9799bbe,2,Good networking opportunity.,2026-03-11 15:19:22.600
9033bb11-8a7b-4c5c-9ca1-71129cf370bc,81f417cb-ce9d-4fa2-b08e-6f898e1edbeb,9cc8f230-8eb7-4baf-91aa-3476c5da3768,5,Great event! Learned a lot.,2026-03-11 15:19:22.599
6e58c4e6-00f9-4a45-99ac-2a086bdcc01d,fed73d8e-35f7-4d6b-bb34-2d886dc08287,359761bb-19e4-4f0e-a4cd-760261b19dc5,4,Excellent hands-on experience.,2026-03-11 15:19:22.544
7819bf20-4939-472d-b59b-06277bf4d829,fcfc943c-0c7c-4a90-a9dd-36120ff78e3f,18cd5b92-d2c7-44c4-be1e-ee76bddf90f7,4,Well organized and informative.,2026-03-11 15:19:22.518
7651e2f6-245c-4229-b493-f3c1feb3c717,391f2161-61af-44d4-8dbf-77347ef93bd9,8ab136db-af7e-4428-a861-1d9c21aad10e,4,Would definitely attend again!,2026-03-11 15:19:22.515
fac3a2e5-0631-4021-bfe2-0124a93c435f,fcfc943c-0c7c-4a90-a9dd-36120ff78e3f,9009c29d-cd16-4a41-8ca4-87e78cabe5b4,4,Not what I expected.,2026-03-11 15:19:22.513
3e275af7-3ae1-413d-8f84-632c4a0e75cf,3dc13c7b-9a77-482d-97af-a9e9621cd826,db5552dd-91c6-49c0-bdbb-a6ad72fe9967,5,,2026-03-11 15:19:22.478
364eb5c3-0e93-4ea0-92d8-c67b86d5fc6e,d34480a3-d6fa-4d5f-8525-7e6b8eca7dd1,ebfcf253-670a-4ee8-a549-32498bdca5ff,5,Could have been better.,2026-03-11 15:19:22.468
1ad94d7e-b2ab-4267-bd8b-35c7bd64505b,60055c90-72ab-406c-88e8-6ec240e43d64,eba557ce-e134-4eab-b7e4-dec55e027c6b,5,The venue was too small for the crowd.,2026-03-11 15:19:22.443
7407f701-13d4-4a3b-9b42-589776be8b9e,4dc0f433-b40f-450f-ab5f-d6b81a23779b,428b7470-f951-4db9-8ed8-1bb45798c15b,5,Excellent hands-on experience.,2026-03-11 15:19:22.417
8f2610bb-d286-4ffe-bef5-c27b0bbd0a93,5a807382-4737-441b-9a14-a54fa18fd508,149dca0c-2d06-402a-a468-0d667c3f9728,5,Not what I expected.,2026-03-11 15:19:22.409
f9085379-252b-4908-afc1-2fd136cbea24,b6a4eee0-af07-42c7-a4a1-0f1b8990de68,3e022a2a-06fe-4cfc-a1b5-af39afbc799b,4,Would definitely attend again!,2026-03-11 15:19:22.404
ddbc2918-8c9a-489d-8b63-48ad6f7b87dd,17da070d-ea3d-4744-9ccd-9046906adc20,a418507d-2dda-4574-b28f-a7944c7b99fe,4,Great event! Learned a lot.,2026-03-11 15:19:22.392
1c73f8db-0b1f-4a0c-90e5-09e4a70ddb7f,6221c0e0-95ee-4508-9e61-519f6d8756e9,ab0a81d1-9e97-44f4-867c-411ba9799bbe,4,Not what I expected.,2026-03-11 15:19:22.384
8bbc2841-9f97-4027-a32f-cb2ff8828df4,c029ea2d-2f55-4b11-8d50-7f9289803c42,753d1fa8-d7c2-4240-80b1-7b875fbac6f7,3,,2026-03-11 15:19:22.376
6277e364-232d-4833-853f-448ea76e2493,60cf6a4d-37a6-4c2d-b6cb-dfd8618e50d6,d45ccda3-7a54-4539-9841-03584afff27f,3,The venue was too small for the crowd.,2026-03-11 15:19:22.373
bb632dc7-d1c2-4f4e-ad28-87d38d9cb152,4fac1881-cc71-495d-a004-d77eca388801,4fa771ca-11d2-4a7d-830a-809082703291,4,Not what I expected.,2026-03-11 15:19:22.365
29205f2f-cb3f-453c-bc0e-9fb546a0d6a6,43e96969-a200-4848-ab8c-e33011b79aea,a418507d-2dda-4574-b28f-a7944c7b99fe,3,Could have been better.,2026-03-11 15:19:22.359
e5f1019f-8881-4286-89e3-9963ffb4a227,0422ae3e-ed16-4148-bfb9-923969f0bcd6,b1ec34d9-b435-41d5-859f-0d3786111920,4,Could have been better.,2026-03-11 15:19:22.343
69edb2bf-1040-4555-85bd-f9badc0ec063,1713704d-bca8-4eef-bfe3-26e07ab2b811,3beeb6f2-ddf0-480e-a693-a64ffa5bb810,3,Good networking opportunity.,2026-03-11 15:19:22.307
97e447d0-5d1b-4969-82f7-a55e89011853,4dac49cd-8b50-4478-bc29-4463456cc74f,149dca0c-2d06-402a-a468-0d667c3f9728,5,Not what I expected.,2026-03-11 15:19:22.302
b25d32ed-54c3-47e0-b1b2-59d4fbb1b83f,d93d3174-edb5-47e5-a666-4760c8ae0feb,67cb0aa5-09e1-40b9-b140-bfca04307b59,3,Great event! Learned a lot.,2026-03-11 15:19:22.287
58dc2f21-5690-432c-8ae0-2d8f1c6d7e26,23e3fae9-7ada-483a-95e6-5c38a7732942,ab0a81d1-9e97-44f4-867c-411ba9799bbe,3,Not what I expected.,2026-03-10 15:19:22.678
31d9b2c0-29d5-4114-a9f0-3684d97afcad,5bc04554-35d1-466a-901e-bf6a4e02a811,9c4ee923-36d1-4822-85fd-73a19a69d869,4,Great event! Learned a lot.,2026-03-10 15:19:22.670
6e7008d9-5f9e-49b5-914c-e63c168f0531,43041815-e118-4049-a65c-928ce5079c0d,076677af-ae78-4f4d-a0a4-fed320324add,3,The venue was too small for the crowd.,2026-03-10 15:19:22.668
ce34176b-24e0-493a-8b37-65c223e5dc6c,34e8dde8-ebdf-495f-81df-934a49797b36,eba557ce-e134-4eab-b7e4-dec55e027c6b,5,Could have been better.,2026-03-10 15:19:22.648
6fa956a7-0745-4d61-b224-bac0c3cc89ab,34e8dde8-ebdf-495f-81df-934a49797b36,9d6b03e7-6dd6-4592-9eeb-d9e3bd85567d,4,Great event! Learned a lot.,2026-03-10 15:19:22.624
4b448267-4f9f-4028-a2e1-1ab52c06ae1c,cffaf07c-5e91-4c30-bf7f-63779a296454,4fa771ca-11d2-4a7d-830a-809082703291,4,Would definitely attend again!,2026-03-10 15:19:22.621
6bd3dd50-b0fa-4d0a-b419-ee35bcc8688d,a91dac93-377c-48e1-97b0-4eb3b61e53a3,b2f30c04-b73c-4323-84be-b1c906a48557,3,Could have been better.,2026-03-10 15:19:22.593
3a91f4da-a8b5-4a9f-b0c8-6c35b8196960,00db2a26-ced6-4f6a-b1e6-d2f71c5d8316,076677af-ae78-4f4d-a0a4-fed320324add,4,The venue was too small for the crowd.,2026-03-10 15:19:22.592
2e14edf3-cbe6-4586-8d9b-f167c9c27fd9,391f2161-61af-44d4-8dbf-77347ef93bd9,3beeb6f2-ddf0-480e-a693-a64ffa5bb810,5,Amazing speakers and content!,2026-03-10 15:19:22.578
24c263c3-6897-4605-840c-8821b12a3106,cf2986c4-d916-49b8-8af8-e907fca9b690,db5552dd-91c6-49c0-bdbb-a6ad72fe9967,5,,2026-03-10 15:19:22.530
cfd88aeb-e963-4c42-a340-269a26c0cf9a,d4326384-2a6d-449c-b9a9-d8ba4a6bd781,f907683b-b38f-46bd-a7a8-7afd898246fa,5,Not what I expected.,2026-03-10 15:19:22.476
b8004b03-97d9-44ec-9600-0ae10631587d,4c699e1a-e949-4914-a420-0b295837f783,b2f30c04-b73c-4323-84be-b1c906a48557,3,Not what I expected.,2026-03-10 15:19:22.460
e9886e92-9920-41a3-a595-8ab743b4c495,6221c0e0-95ee-4508-9e61-519f6d8756e9,7b878734-1d4a-4fa9-bd7a-77c3180bf45a,5,Would definitely attend again!,2026-03-10 15:19:22.449
3dc94634-43dc-4996-8cd1-6973c7230741,9a294617-64a1-44ee-8aff-7bbec1b6d97e,a9bf4219-948f-4957-9e45-5e4949aaa023,3,Great event! Learned a lot.,2026-03-10 15:19:22.444
fc62cd81-4c0c-40d9-8ce7-1ea362df0181,7b9d52ce-df59-4754-b4c4-b7ba26d12dbc,b2f30c04-b73c-4323-84be-b1c906a48557,5,Would definitely attend again!,2026-03-10 15:19:22.433
7baeebd8-f077-435e-b610-f6b785aab832,e7b32a95-c19b-4788-aabf-76c71f1b1bf5,9d534d4e-dc03-49d5-bc71-56dfe3fd6914,5,Not what I expected.,2026-03-10 15:19:22.423
bcde8377-e74e-41dc-9da2-fbfa7562e0be,d7ce9a4e-ab23-4058-9ed7-04f8a8377e0d,92b3025b-3929-4918-816a-5759ec61a5e9,4,Could have been better.,2026-03-10 15:19:22.383
67e5b32d-6566-4116-8f83-cac0b4214193,5bc04554-35d1-466a-901e-bf6a4e02a811,cc09b50f-b2f4-469e-b259-ccf6ecb69a71,3,Good networking opportunity.,2026-03-10 15:19:22.379
c3809b0c-d687-42cb-b846-48c8c4d3a318,a91dac93-377c-48e1-97b0-4eb3b61e53a3,871cedb9-06fe-4175-a3fa-839a14c53219,3,Not what I expected.,2026-03-10 15:19:22.374
5d54c40b-d065-4fe2-9ea5-3733985108b0,43a0fe9d-2407-4be8-94db-299355410786,7b878734-1d4a-4fa9-bd7a-77c3180bf45a,4,Could have been better.,2026-03-10 15:19:22.354
b0c7beb7-0ad7-40a3-bfe4-c0c19ea6e1e1,fed73d8e-35f7-4d6b-bb34-2d886dc08287,eb2d4d28-07e0-4e07-9d91-0a1969555ae9,4,The venue was too small for the crowd.,2026-03-10 15:19:22.351
a89e44aa-4b4b-4fbf-9559-b4819420d484,be351f36-e076-4db6-a66e-2b2c4b249567,d5dfcb90-4f5c-4ce0-9225-e0ce92aea046,5,Excellent hands-on experience.,2026-03-10 15:19:22.344
17eec2d4-fcde-4a2a-9675-2abfc03b6867,9e9a9a25-204b-4c05-b378-252fb40a0f16,93824d88-2df8-4304-9bb5-862d5a8e0548,4,Well organized and informative.,2026-03-10 15:19:22.325
bcb6540b-3b30-4f51-be54-d5d126cd5e41,4dc0f433-b40f-450f-ab5f-d6b81a23779b,a418507d-2dda-4574-b28f-a7944c7b99fe,3,Well organized and informative.,2026-03-10 15:19:22.323
aad40e1c-3ca7-418d-8dc1-c8021432fd11,60cf6a4d-37a6-4c2d-b6cb-dfd8618e50d6,18cd5b92-d2c7-44c4-be1e-ee76bddf90f7,4,Good networking opportunity.,2026-03-10 15:19:22.314
cce58f22-89e3-47b5-a89e-52f7b07ac827,a7f2d0e4-33af-48ec-867e-76744570364b,93824d88-2df8-4304-9bb5-862d5a8e0548,2,The venue was too small for the crowd.,2026-03-10 15:19:22.304
face3ee0-663c-4c96-bf21-d022591c0acf,0422ae3e-ed16-4148-bfb9-923969f0bcd6,724764e7-ff07-470c-b57a-99c5236e77ee,4,Could have been better.,2026-03-10 15:19:22.298
8f9fe153-aeba-46b2-a06f-8ff54278801e,544f6cd5-5878-402f-9adf-570847a79696,ab0a81d1-9e97-44f4-867c-411ba9799bbe,4,Amazing speakers and content!,2026-03-10 15:19:22.291
dbbe612f-4b2d-4178-a732-508bb1aea51f,17da070d-ea3d-4744-9ccd-9046906adc20,58ceb069-d55a-487c-b080-855d993b7109,5,Not what I expected.,2026-03-09 15:19:22.687
ad8b5340-7348-420e-a7c9-c9af22c347a7,d93d3174-edb5-47e5-a666-4760c8ae0feb,9d6b03e7-6dd6-4592-9eeb-d9e3bd85567d,4,Great event! Learned a lot.,2026-03-09 15:19:22.684
0640a169-0a3f-4fe3-9030-24100808031b,43e96969-a200-4848-ab8c-e33011b79aea,ab0a81d1-9e97-44f4-867c-411ba9799bbe,4,Well organized and informative.,2026-03-09 15:19:22.663
9f7b4e3c-d8a5-44a6-877f-a3887c0943b5,f90791e3-62d3-4448-832c-58e6a9b762c2,db5552dd-91c6-49c0-bdbb-a6ad72fe9967,4,Great event! Learned a lot.,2026-03-09 15:19:22.655
a71a94a6-7b02-4657-b6d9-40ac634dc221,ac238beb-9d9a-42f9-977c-7e968241ba59,ace01c06-4677-40cd-bb1d-0ce2e8630fef,5,Great event! Learned a lot.,2026-03-09 15:19:22.627
b52f1cc2-4b24-42cd-98e4-224ad48dd605,952f67ab-b948-48a4-8c56-abc73d5ef2d4,0cb1256f-a596-4972-9538-58c4d7998883,3,Well organized and informative.,2026-03-09 15:19:22.611
03407047-3ade-4356-8d66-3d08fb64517b,efa4c015-3136-4a8c-9dcb-7986d2163674,9009c29d-cd16-4a41-8ca4-87e78cabe5b4,4,The venue was too small for the crowd.,2026-03-09 15:19:22.610
1f6d7fd3-44f9-4171-9b7f-ff918f974be9,5db7d277-984a-486a-8b2c-9b5948345a6d,025164fb-b247-405d-a6ef-87432c7a883d,5,Could have been better.,2026-03-09 15:19:22.608
f53a3365-4a70-4091-8c0a-7ff91052e575,2efa3ce3-3b7d-45a1-a621-4cd17a461aaa,eb2d4d28-07e0-4e07-9d91-0a1969555ae9,4,Could have been better.,2026-03-09 15:19:22.576
c936b680-ca42-423c-a308-8b7957a4f7f0,49594c00-b1d0-498a-b817-a7211fcb2f37,ebfcf253-670a-4ee8-a549-32498bdca5ff,4,Good networking opportunity.,2026-03-09 15:19:22.565
3243847d-fcbf-4846-a4a9-bcc180a01ce4,10eed5ff-8933-404e-aadb-5864f036e0ea,c477818f-9cc3-47b7-9a8e-f596f39db643,5,Excellent hands-on experience.,2026-03-09 15:19:22.447
491a417a-1711-4865-855b-60437d3b77f9,43a0fe9d-2407-4be8-94db-299355410786,4fa771ca-11d2-4a7d-830a-809082703291,5,Amazing speakers and content!,2026-03-09 15:19:22.400
3722f890-d664-44b3-9cd4-0f0355f114f2,d4326384-2a6d-449c-b9a9-d8ba4a6bd781,b2f30c04-b73c-4323-84be-b1c906a48557,3,Could have been better.,2026-03-09 15:19:22.394
04b86bcb-330a-4788-a204-0fb02cba2108,5d877a2c-fecd-4d52-b60c-027c8ce709d2,9d534d4e-dc03-49d5-bc71-56dfe3fd6914,5,Could have been better.,2026-03-09 15:19:22.376
d89526b1-7be9-4995-a540-848037061413,eeabf25d-0b51-41f3-9790-3cde3dd052ce,67cb0aa5-09e1-40b9-b140-bfca04307b59,3,Excellent hands-on experience.,2026-03-09 15:19:22.373
3d54c6df-a908-4acb-9eaa-a935336eebb5,38a5d120-6011-446d-844c-78348325bf58,f3fa6d13-f146-4a6f-bca9-c8aaacb7c180,4,Not what I expected.,2026-03-09 15:19:22.347
63ad7b57-5da2-48d9-be38-88564c4f1d74,7bb8482a-941c-4fd3-ba41-cca1c440a836,9009c29d-cd16-4a41-8ca4-87e78cabe5b4,4,Well organized and informative.,2026-03-09 15:19:22.343
7e30f496-89bc-4486-903b-bae48ce3b105,b5ed048e-87ea-4e0e-b843-70a8c3800821,17421e06-2d29-46bf-b4cc-96fdd85e0723,3,Could have been better.,2026-03-09 15:19:22.339
bf4ff59c-a81c-4114-a7b3-ec61a1e0725a,3189a985-4b72-42f8-b615-cd01c585ca88,18cd5b92-d2c7-44c4-be1e-ee76bddf90f7,4,,2026-03-09 15:19:22.334
77f8c753-10b2-4934-ab1e-37ef94871f44,b6a4eee0-af07-42c7-a4a1-0f1b8990de68,8ab136db-af7e-4428-a861-1d9c21aad10e,5,,2026-03-09 15:19:22.326
f580ec7d-9eda-416b-8337-82df38014cc4,b5dc73f3-d386-47b1-af5d-75e80b4e8ab7,db5552dd-91c6-49c0-bdbb-a6ad72fe9967,4,Well organized and informative.,2026-03-09 15:19:22.324
c9250f59-0dd2-4a68-8639-018ddb2e7ec9,1b27cbc4-3a52-472a-b4f7-b711f90600ba,753d1fa8-d7c2-4240-80b1-7b875fbac6f7,4,Would definitely attend again!,2026-03-09 15:19:22.322
70f8b548-413c-4a4c-ae14-2c61fc71e09e,1713704d-bca8-4eef-bfe3-26e07ab2b811,867f0884-1b6f-4505-90e9-9177f1fdcb17,4,Well organized and informative.,2026-03-09 15:19:22.319
08d3c5cb-5eb7-42f4-b2c1-49672f38ac24,04316eb6-7108-4e8f-ad21-402bd71bc009,428b7470-f951-4db9-8ed8-1bb45798c15b,5,Could have been better.,2026-03-09 15:19:22.319
d7251567-7287-44f5-90b4-5144e7017db2,d7ce9a4e-ab23-4058-9ed7-04f8a8377e0d,67cb0aa5-09e1-40b9-b140-bfca04307b59,5,Excellent hands-on experience.,2026-03-09 15:19:22.318
5bfdbe88-6950-4b32-b73e-2250d8efd5f8,b186f3f0-786f-4af3-8266-ed05dd0ae33e,9d6b03e7-6dd6-4592-9eeb-d9e3bd85567d,5,Would definitely attend again!,2026-03-09 15:19:22.317
7d9c720f-c296-4cbe-b592-802c9306a543,0eb813bd-3187-4f0c-9b28-012709bdd46c,025164fb-b247-405d-a6ef-87432c7a883d,5,Well organized and informative.,2026-03-09 15:19:22.303
a7d64784-302f-424c-b16d-3ac0c5959c18,4dac49cd-8b50-4478-bc29-4463456cc74f,4fa771ca-11d2-4a7d-830a-809082703291,5,Good networking opportunity.,2026-03-08 15:19:22.692
53dc8efb-e0bb-40c5-9eb7-2a3985f2487a,7b9d52ce-df59-4754-b4c4-b7ba26d12dbc,f3fa6d13-f146-4a6f-bca9-c8aaacb7c180,4,Amazing speakers and content!,2026-03-08 15:19:22.626
7f04a1af-b527-45de-839b-762df042b224,5db7d277-984a-486a-8b2c-9b5948345a6d,67cb0aa5-09e1-40b9-b140-bfca04307b59,4,The venue was too small for the crowd.,2026-03-08 15:19:22.612
8e6026fe-8dba-44ec-87ca-82275f303d91,38a5d120-6011-446d-844c-78348325bf58,273915ba-cb64-45ea-8921-f1a49234eb3e,4,Excellent hands-on experience.,2026-03-08 15:19:22.598
40a92601-c4cd-4dc9-b019-d4246f1ad9a0,5bc04554-35d1-466a-901e-bf6a4e02a811,67cb0aa5-09e1-40b9-b140-bfca04307b59,4,Excellent hands-on experience.,2026-03-08 15:19:22.595
65ea1685-9347-4d2b-9781-6592c73f5c82,9a294617-64a1-44ee-8aff-7bbec1b6d97e,359761bb-19e4-4f0e-a4cd-760261b19dc5,4,The venue was too small for the crowd.,2026-03-08 15:19:22.563
d7c6df82-c2bb-4bac-81a7-793385209813,efa4c015-3136-4a8c-9dcb-7986d2163674,0cb1256f-a596-4972-9538-58c4d7998883,5,Well organized and informative.,2026-03-08 15:19:22.546
d4238885-fb4e-4b88-ac1c-5e806dff355e,4dac49cd-8b50-4478-bc29-4463456cc74f,f3fa6d13-f146-4a6f-bca9-c8aaacb7c180,5,Would definitely attend again!,2026-03-08 15:19:22.531
f9ede2ad-cf87-4ff8-bc51-008c3f549bf3,3e760ba7-bdbf-475b-96de-909113eab75f,58ceb069-d55a-487c-b080-855d993b7109,5,,2026-03-08 15:19:22.474
48b03f28-18da-4e87-b779-c4c9920b42bf,81f417cb-ce9d-4fa2-b08e-6f898e1edbeb,273915ba-cb64-45ea-8921-f1a49234eb3e,3,,2026-03-08 15:19:22.451
66b378b3-b77d-4421-ae26-eb05477b72bd,60cf6a4d-37a6-4c2d-b6cb-dfd8618e50d6,9d6b03e7-6dd6-4592-9eeb-d9e3bd85567d,3,Not what I expected.,2026-03-08 15:19:22.410
cf49ed02-654c-4b10-8f79-d810c3669c06,2efa3ce3-3b7d-45a1-a621-4cd17a461aaa,eba557ce-e134-4eab-b7e4-dec55e027c6b,3,Excellent hands-on experience.,2026-03-08 15:19:22.374
bf872db7-78bf-406e-98d5-b28d36150003,38a5d120-6011-446d-844c-78348325bf58,92b3025b-3929-4918-816a-5759ec61a5e9,4,Well organized and informative.,2026-03-08 15:19:22.368
1b04f589-244f-4ddd-9401-939d18c2da0e,34e8dde8-ebdf-495f-81df-934a49797b36,867f0884-1b6f-4505-90e9-9177f1fdcb17,5,The venue was too small for the crowd.,2026-03-08 15:19:22.360
a51a60c4-4b10-41df-a4eb-da0bb85e352d,02e1836f-059b-4446-9db9-f58b83ab8285,6f381af7-99fb-4d73-907e-001929f58a62,4,,2026-03-08 15:19:22.353
28619f26-f4d2-47fc-8715-b63b19f0f01b,d7e099b1-1ca7-4dac-b107-08f3c7106a60,3e022a2a-06fe-4cfc-a1b5-af39afbc799b,4,Well organized and informative.,2026-03-08 15:19:22.336
24b15796-78b5-478b-ba33-a0377babf56e,a91dac93-377c-48e1-97b0-4eb3b61e53a3,8ae1627b-fab3-402f-813a-1ba81dfee355,3,The venue was too small for the crowd.,2026-03-08 15:19:22.329
8d920e2a-b168-4f08-8062-187c3edf6475,d86195b9-4233-4cc6-865e-cb5795b5c8a9,d6413f44-7949-4eca-9f13-1ad1e6b8395d,3,Good networking opportunity.,2026-03-08 15:19:22.326
6f09d81d-5376-4cc1-b024-8b50c74fb446,b6a4eee0-af07-42c7-a4a1-0f1b8990de68,f01f72af-b8b9-4307-8d0d-ab4268c4eeac,4,Would definitely attend again!,2026-03-08 15:19:22.313
106e7b8a-20ae-443c-a253-52eef1f33407,eeabf25d-0b51-41f3-9790-3cde3dd052ce,867f0884-1b6f-4505-90e9-9177f1fdcb17,4,Excellent hands-on experience.,2026-03-08 15:19:22.281
7bbcec4a-8fad-4de1-bd1b-0ffd49678425,2efa3ce3-3b7d-45a1-a621-4cd17a461aaa,f907683b-b38f-46bd-a7a8-7afd898246fa,4,,2026-03-07 15:19:22.678
22e05484-6a1d-440a-bbef-7f13205cfac5,e3842d3b-61c1-4097-bc78-5052a269e064,867f0884-1b6f-4505-90e9-9177f1fdcb17,5,The venue was too small for the crowd.,2026-03-07 15:19:22.662
460747ee-7a2d-42e9-8e40-d1bf429d3eb7,35a5a7a5-01cf-4c03-96fb-e04b29af61ac,076677af-ae78-4f4d-a0a4-fed320324add,5,Good networking opportunity.,2026-03-07 15:19:22.660
6ef6b2cd-cca4-4ef9-9873-0b6fdfacdcd3,eeabf25d-0b51-41f3-9790-3cde3dd052ce,a9bf4219-948f-4957-9e45-5e4949aaa023,4,Could have been better.,2026-03-07 15:19:22.639
3c51c495-2abd-46b1-a804-9e1cdd217223,6c752522-2c72-4ddb-92ad-62255221e64a,867f0884-1b6f-4505-90e9-9177f1fdcb17,3,Would definitely attend again!,2026-03-07 15:19:22.634
f021d455-309c-41bc-90f6-85b3651d8a2a,04703585-1f4d-4f1e-8ef9-bdde517013c2,b1ec34d9-b435-41d5-859f-0d3786111920,5,Well organized and informative.,2026-03-07 15:19:22.593
e8a7af7a-2fd3-4a48-be2b-985d7c22f347,cb2888ed-5460-4728-8b91-ed750b2268b5,025164fb-b247-405d-a6ef-87432c7a883d,4,Great event! Learned a lot.,2026-03-07 15:19:22.586
c217c5a9-e4fc-4d00-b72e-fbfc74949312,34e8dde8-ebdf-495f-81df-934a49797b36,67cb0aa5-09e1-40b9-b140-bfca04307b59,4,Good networking opportunity.,2026-03-07 15:19:22.520
1c2607ef-94e2-49ba-9dbc-b21d9d7b4c77,6c752522-2c72-4ddb-92ad-62255221e64a,3e022a2a-06fe-4cfc-a1b5-af39afbc799b,4,Good networking opportunity.,2026-03-07 15:19:22.487
89ea1dd0-d03c-445d-aa2b-5765eba664a1,1b27cbc4-3a52-472a-b4f7-b711f90600ba,58ceb069-d55a-487c-b080-855d993b7109,3,,2026-03-07 15:19:22.486
c38e32e6-c3fc-49f4-ad44-51292061bbed,aaa931c2-2d7d-4680-957f-46e3ccf2979a,93824d88-2df8-4304-9bb5-862d5a8e0548,3,Not what I expected.,2026-03-07 15:19:22.407
cee27dac-a483-445b-9930-c67cc87c3619,e7b32a95-c19b-4788-aabf-76c71f1b1bf5,ebfcf253-670a-4ee8-a549-32498bdca5ff,5,Would definitely attend again!,2026-03-07 15:19:22.388
1ffe5f7c-3c23-4ff5-911e-3e9c24e043c5,391f2161-61af-44d4-8dbf-77347ef93bd9,eb2d4d28-07e0-4e07-9d91-0a1969555ae9,4,Amazing speakers and content!,2026-03-07 15:19:22.384
70edafc2-4e44-4649-958b-55d68d842323,60055c90-72ab-406c-88e8-6ec240e43d64,f3fa6d13-f146-4a6f-bca9-c8aaacb7c180,5,Great event! Learned a lot.,2026-03-07 15:19:22.381
51d10f35-6f2f-47fa-be11-1cfb47ee1e32,f90791e3-62d3-4448-832c-58e6a9b762c2,4fa771ca-11d2-4a7d-830a-809082703291,5,Excellent hands-on experience.,2026-03-07 15:19:22.370
d120199c-d2d7-41dd-a069-f469031f3564,fed73d8e-35f7-4d6b-bb34-2d886dc08287,9009c29d-cd16-4a41-8ca4-87e78cabe5b4,3,Could have been better.,2026-03-07 15:19:22.352
83abe2fa-36b9-4f20-bb35-0c7bc185e295,4fac1881-cc71-495d-a004-d77eca388801,359761bb-19e4-4f0e-a4cd-760261b19dc5,4,The venue was too small for the crowd.,2026-03-07 15:19:22.324
82308428-9814-4497-bbc1-0fe0a6df70fc,1b27cbc4-3a52-472a-b4f7-b711f90600ba,4fa771ca-11d2-4a7d-830a-809082703291,5,Good networking opportunity.,2026-03-07 15:19:22.310
a80bf21a-f72c-4b10-aad3-752c123a106e,9a294617-64a1-44ee-8aff-7bbec1b6d97e,90ec8d7a-0a80-4ec0-8221-29c4bed09b78,5,Could have been better.,2026-03-07 15:19:22.308
a708b9ca-f334-4a37-83f7-daf068e60147,544f6cd5-5878-402f-9adf-570847a79696,67cb0aa5-09e1-40b9-b140-bfca04307b59,4,Great event! Learned a lot.,2026-03-07 15:19:22.305
a9c6f4f9-d303-4a10-8954-6e154e1b0fc7,d7e099b1-1ca7-4dac-b107-08f3c7106a60,428b7470-f951-4db9-8ed8-1bb45798c15b,3,Not what I expected.,2026-03-07 15:19:22.282
043cae17-db97-4944-96e5-925060d884b3,e3842d3b-61c1-4097-bc78-5052a269e064,a9bf4219-948f-4957-9e45-5e4949aaa023,5,Well organized and informative.,2026-03-07 15:19:22.280
23c056f9-6470-488a-93ff-c1698d07f971,b5ed048e-87ea-4e0e-b843-70a8c3800821,9c4ee923-36d1-4822-85fd-73a19a69d869,4,Well organized and informative.,2026-03-06 15:19:22.673
b975955b-f9d0-4985-8b15-b62f0fdadd93,9a294617-64a1-44ee-8aff-7bbec1b6d97e,58ceb069-d55a-487c-b080-855d993b7109,4,Great event! Learned a lot.,2026-03-06 15:19:22.661
edbd2665-f483-42c5-8169-d249bd966e48,a3b2735e-8f22-4d93-bf4d-bb98f0cd9572,eba557ce-e134-4eab-b7e4-dec55e027c6b,4,Well organized and informative.,2026-03-06 15:19:22.647
de190b49-aa37-470b-8d3d-462a2658b3b2,d7e099b1-1ca7-4dac-b107-08f3c7106a60,867f0884-1b6f-4505-90e9-9177f1fdcb17,4,Great event! Learned a lot.,2026-03-06 15:19:22.633
e60825a1-b909-4aaf-a9d9-52db33383f6e,15d57ad2-e066-4213-b0b4-c467cf783f82,f907683b-b38f-46bd-a7a8-7afd898246fa,5,Good networking opportunity.,2026-03-06 15:19:22.623
8b7bb07c-e836-4feb-b0d1-e4796dbce573,d93d3174-edb5-47e5-a666-4760c8ae0feb,33f7bc74-721f-4500-b374-b89287ea1a83,5,Good networking opportunity.,2026-03-06 15:19:22.622
c8f376e1-b2e1-4098-a3d0-04f13b268bcf,ef0ee256-9549-4d63-8087-6c16081bd5e6,9d6b03e7-6dd6-4592-9eeb-d9e3bd85567d,4,The venue was too small for the crowd.,2026-03-06 15:19:22.559
7a524688-f9e5-4456-a850-2426fc5958c1,81f417cb-ce9d-4fa2-b08e-6f898e1edbeb,b2f30c04-b73c-4323-84be-b1c906a48557,3,Excellent hands-on experience.,2026-03-06 15:19:22.542
7532105f-4529-4b3f-b6d1-d0c4949ab0a5,5db7d277-984a-486a-8b2c-9b5948345a6d,b2f30c04-b73c-4323-84be-b1c906a48557,5,Could have been better.,2026-03-06 15:19:22.497
632acf22-6588-4069-81e2-e9e3c10a9060,e3842d3b-61c1-4097-bc78-5052a269e064,ab0a81d1-9e97-44f4-867c-411ba9799bbe,5,Excellent hands-on experience.,2026-03-06 15:19:22.436
7b260400-097c-4d80-9dc7-b3a6a6bdab1f,cf2986c4-d916-49b8-8af8-e907fca9b690,9d6b03e7-6dd6-4592-9eeb-d9e3bd85567d,4,Good networking opportunity.,2026-03-06 15:19:22.427
51d3044b-5fad-427b-89e7-5b0b476624ea,1c6992ed-af51-4232-998b-23c8e70b652c,9d534d4e-dc03-49d5-bc71-56dfe3fd6914,3,,2026-03-06 15:19:22.425
3d988a5b-563c-40ec-a0f1-245645a973c3,4dc0f433-b40f-450f-ab5f-d6b81a23779b,d6413f44-7949-4eca-9f13-1ad1e6b8395d,4,Great event! Learned a lot.,2026-03-06 15:19:22.386
5ddf3098-67bb-45eb-84a6-048967de3d1c,2efa3ce3-3b7d-45a1-a621-4cd17a461aaa,9d6b03e7-6dd6-4592-9eeb-d9e3bd85567d,5,Could have been better.,2026-03-06 15:19:22.361
57aed1bc-02b5-4624-85a5-4e54d299295a,b5dc73f3-d386-47b1-af5d-75e80b4e8ab7,f01f72af-b8b9-4307-8d0d-ab4268c4eeac,5,Not what I expected.,2026-03-06 15:19:22.355
369a004d-65e8-48a3-9fc6-98ce15d5aedd,bc9f4495-ac87-426a-b3fc-e9d762c9ccd6,8ab136db-af7e-4428-a861-1d9c21aad10e,3,The venue was too small for the crowd.,2026-03-06 15:19:22.355
aefcb659-d2a0-475d-9bb1-e95fa13f4309,d7e099b1-1ca7-4dac-b107-08f3c7106a60,d45ccda3-7a54-4539-9841-03584afff27f,4,Excellent hands-on experience.,2026-03-06 15:19:22.353
f22b5c00-6996-44dc-8210-9bb6f132bbe4,0eb813bd-3187-4f0c-9b28-012709bdd46c,f3fa6d13-f146-4a6f-bca9-c8aaacb7c180,4,Not what I expected.,2026-03-06 15:19:22.348
be9bb3b5-b981-4f6d-83a6-13b5fafa906d,3189a985-4b72-42f8-b615-cd01c585ca88,0cb1256f-a596-4972-9538-58c4d7998883,5,Good networking opportunity.,2026-03-06 15:19:22.291
77ddaa3e-a1b7-4c6a-944f-e2806fa4b496,2efa3ce3-3b7d-45a1-a621-4cd17a461aaa,3beeb6f2-ddf0-480e-a693-a64ffa5bb810,3,Amazing speakers and content!,2026-03-06 15:19:22.283
66f912c8-52d7-437c-8607-31ae4003582f,c73880b0-8c40-4b5c-aae9-8d81004c8326,428b7470-f951-4db9-8ed8-1bb45798c15b,4,Could have been better.,2026-03-06 15:19:22.281
a4a132b8-f61b-469e-9e76-8ddf0a589eb6,0eb813bd-3187-4f0c-9b28-012709bdd46c,a9bf4219-948f-4957-9e45-5e4949aaa023,3,Excellent hands-on experience.,2026-03-05 15:19:22.677
48fad93a-cea4-4b60-8c27-e733d8712850,874cceda-d069-4356-a666-dae3f04f8f0b,17421e06-2d29-46bf-b4cc-96fdd85e0723,5,Would definitely attend again!,2026-03-05 15:19:22.654
c87faaa2-a20f-4fe3-9e41-2480c0392734,ac238beb-9d9a-42f9-977c-7e968241ba59,58ceb069-d55a-487c-b080-855d993b7109,4,,2026-03-05 15:19:22.588
3b4b2c2e-8c09-418c-a701-23a62f5ee809,35a5a7a5-01cf-4c03-96fb-e04b29af61ac,c477818f-9cc3-47b7-9a8e-f596f39db643,5,The venue was too small for the crowd.,2026-03-05 15:19:22.551
d287abad-4eba-4426-bc25-f2996a8f1bd8,a203669c-7093-4f11-a613-0eca13d0958f,3beeb6f2-ddf0-480e-a693-a64ffa5bb810,3,Great event! Learned a lot.,2026-03-05 15:19:22.540
47954a4a-fed1-46d8-b4aa-9486f521047e,7bb8482a-941c-4fd3-ba41-cca1c440a836,67cb0aa5-09e1-40b9-b140-bfca04307b59,3,Good networking opportunity.,2026-03-05 15:19:22.533
31b8b561-bd71-4281-8ed3-44a2da05a47a,cffaf07c-5e91-4c30-bf7f-63779a296454,273915ba-cb64-45ea-8921-f1a49234eb3e,5,The venue was too small for the crowd.,2026-03-05 15:19:22.524
3f4e10a2-aa31-45c0-9dfd-41caf55db251,5d877a2c-fecd-4d52-b60c-027c8ce709d2,18cd5b92-d2c7-44c4-be1e-ee76bddf90f7,5,Could have been better.,2026-03-05 15:19:22.387
bbbeb4d7-b636-40c7-9a13-4025727a5b6f,7a3a9c11-6e7c-4787-bf8f-12e304cfe23d,58ceb069-d55a-487c-b080-855d993b7109,5,The venue was too small for the crowd.,2026-03-05 15:19:22.371
e2b819eb-af0d-4e35-a6bd-9971a453d582,50cc7cdb-c012-453f-bd55-cfc143c04a1a,d45ccda3-7a54-4539-9841-03584afff27f,4,Could have been better.,2026-03-05 15:19:22.365
1d4526d5-e09f-4dbc-a9ca-ffeb7f5061bd,3e760ba7-bdbf-475b-96de-909113eab75f,273915ba-cb64-45ea-8921-f1a49234eb3e,5,Great event! Learned a lot.,2026-03-05 15:19:22.332
687c3357-cc18-4c01-af74-b401baa9260a,34e8dde8-ebdf-495f-81df-934a49797b36,9d534d4e-dc03-49d5-bc71-56dfe3fd6914,4,The venue was too small for the crowd.,2026-03-05 15:19:22.330
8b3ed0cc-bcea-451e-bc5c-5a46f2a2f8ff,3189a985-4b72-42f8-b615-cd01c585ca88,cc09b50f-b2f4-469e-b259-ccf6ecb69a71,4,Good networking opportunity.,2026-03-05 15:19:22.325
2f0150cc-c9f1-437d-8da0-af98254d77fe,be351f36-e076-4db6-a66e-2b2c4b249567,d6413f44-7949-4eca-9f13-1ad1e6b8395d,3,Amazing speakers and content!,2026-03-05 15:19:22.323
9ab78f07-5503-45cc-b326-cbb882582a47,b5dc73f3-d386-47b1-af5d-75e80b4e8ab7,273915ba-cb64-45ea-8921-f1a49234eb3e,5,The venue was too small for the crowd.,2026-03-05 15:19:22.297
2a2b216f-184d-4fe6-831b-fe1cb1c392cd,7a3a9c11-6e7c-4787-bf8f-12e304cfe23d,3beeb6f2-ddf0-480e-a693-a64ffa5bb810,5,Excellent hands-on experience.,2026-03-05 15:19:22.285
8b98099c-ea1b-4ba7-9222-22ddc05e758d,efa4c015-3136-4a8c-9dcb-7986d2163674,753d1fa8-d7c2-4240-80b1-7b875fbac6f7,3,Good networking opportunity.,2026-03-05 15:19:22.283
b9842afd-8c59-4c1a-9765-08ba2d46ccf3,aaa931c2-2d7d-4680-957f-46e3ccf2979a,9d6b03e7-6dd6-4592-9eeb-d9e3bd85567d,5,The venue was too small for the crowd.,2026-03-04 15:19:22.680
4578353b-386d-4b07-a80e-66304b28a5f1,43041815-e118-4049-a65c-928ce5079c0d,8ae1627b-fab3-402f-813a-1ba81dfee355,5,Well organized and informative.,2026-03-04 15:19:22.660
58891b1c-3dad-4aeb-b495-c2732e46d60e,60055c90-72ab-406c-88e8-6ec240e43d64,a9bf4219-948f-4957-9e45-5e4949aaa023,5,Well organized and informative.,2026-03-04 15:19:22.591
c81ccaf6-e086-4496-a18c-38b48a554e65,050ee62b-b5ef-475c-ba3b-b3ccfc5d3938,eba557ce-e134-4eab-b7e4-dec55e027c6b,4,The venue was too small for the crowd.,2026-03-04 15:19:22.574
3ffbe2c0-25f4-44d0-8047-c2309cc9b765,f1edb154-093c-41e3-91f6-c6ae72e63461,149dca0c-2d06-402a-a468-0d667c3f9728,3,Would definitely attend again!,2026-03-04 15:19:22.550
4e695ba5-af7b-43bd-abe4-13ce657efc72,34e8dde8-ebdf-495f-81df-934a49797b36,428b7470-f951-4db9-8ed8-1bb45798c15b,4,Well organized and informative.,2026-03-04 15:19:22.458
20d34a03-0635-4e67-899e-09f222c3009f,d4326384-2a6d-449c-b9a9-d8ba4a6bd781,9cc8f230-8eb7-4baf-91aa-3476c5da3768,5,Could have been better.,2026-03-04 15:19:22.452
4a5dcb4c-ce59-4714-9541-84b7bae5370e,1713704d-bca8-4eef-bfe3-26e07ab2b811,025164fb-b247-405d-a6ef-87432c7a883d,5,The venue was too small for the crowd.,2026-03-04 15:19:22.421
2142a9df-7299-42fc-94c9-3b28d1a41c43,d7ce9a4e-ab23-4058-9ed7-04f8a8377e0d,d45ccda3-7a54-4539-9841-03584afff27f,3,Well organized and informative.,2026-03-04 15:19:22.362
b280bee1-9389-4478-b4fd-6fb287c71cc3,81f417cb-ce9d-4fa2-b08e-6f898e1edbeb,db5552dd-91c6-49c0-bdbb-a6ad72fe9967,4,,2026-03-04 15:19:22.350
cc780696-374f-438f-8c9e-3f5fa95cfb7f,5db7d277-984a-486a-8b2c-9b5948345a6d,90ec8d7a-0a80-4ec0-8221-29c4bed09b78,3,Well organized and informative.,2026-03-04 15:19:22.348
4862010e-fcd2-452d-9ac0-42fce02ebae3,10eed5ff-8933-404e-aadb-5864f036e0ea,3e022a2a-06fe-4cfc-a1b5-af39afbc799b,3,Excellent hands-on experience.,2026-03-04 15:19:22.343
32d90737-8aeb-4d07-a54e-d87e09873f70,9e9a9a25-204b-4c05-b378-252fb40a0f16,359761bb-19e4-4f0e-a4cd-760261b19dc5,4,Great event! Learned a lot.,2026-03-04 15:19:22.335
6b591176-bf47-47a6-b501-be2e5ceec0fc,0f1fbcba-a49d-4556-a38d-e89e2736f709,c477818f-9cc3-47b7-9a8e-f596f39db643,5,Excellent hands-on experience.,2026-03-04 15:19:22.335
281aa5ec-477e-4873-b295-715f887c360e,c73880b0-8c40-4b5c-aae9-8d81004c8326,33f7bc74-721f-4500-b374-b89287ea1a83,4,Would definitely attend again!,2026-03-04 15:19:22.330
1bb2f8fd-5b0f-4923-a89e-1b00971e9eb6,50cc7cdb-c012-453f-bd55-cfc143c04a1a,3beeb6f2-ddf0-480e-a693-a64ffa5bb810,5,Could have been better.,2026-03-04 15:19:22.318
03edab18-4e4e-4a87-a6e7-df626ee3462a,88d0cb02-6bcb-4a1d-a8f3-497be5527524,db5552dd-91c6-49c0-bdbb-a6ad72fe9967,5,Excellent hands-on experience.,2026-03-04 15:19:22.312
2d7fdf42-76b9-4d9a-967b-a648721d9fd6,81f417cb-ce9d-4fa2-b08e-6f898e1edbeb,8ae1627b-fab3-402f-813a-1ba81dfee355,5,Would definitely attend again!,2026-03-04 15:19:22.303
420fc899-305f-4ccd-a7d4-bee57e98c759,a203669c-7093-4f11-a613-0eca13d0958f,ace01c06-4677-40cd-bb1d-0ce2e8630fef,3,Could have been better.,2026-03-03 15:19:22.695
76da4eef-e337-4f05-933b-03a437d04a46,49594c00-b1d0-498a-b817-a7211fcb2f37,8ab136db-af7e-4428-a861-1d9c21aad10e,4,,2026-03-03 15:19:22.693
2c62b8ec-0a1f-4bb6-8d25-10c8af897722,d544ba73-9c39-40b8-96f0-dacf4c914d82,149dca0c-2d06-402a-a468-0d667c3f9728,5,Excellent hands-on experience.,2026-03-03 15:19:22.676
505dce4f-8fb2-4ab8-9091-c5743a044373,952f67ab-b948-48a4-8c56-abc73d5ef2d4,eb2d4d28-07e0-4e07-9d91-0a1969555ae9,5,Excellent hands-on experience.,2026-03-03 15:19:22.670
aa563192-f26f-4886-a67a-a2a7e96d358c,a203669c-7093-4f11-a613-0eca13d0958f,58ceb069-d55a-487c-b080-855d993b7109,4,Amazing speakers and content!,2026-03-03 15:19:22.665
d2e66101-8c22-42e1-aa0a-38451f49ae96,b186f3f0-786f-4af3-8266-ed05dd0ae33e,93824d88-2df8-4304-9bb5-862d5a8e0548,2,,2026-03-03 15:19:22.656
7f458f2f-446f-4e2b-90a8-29546fe6708f,3189a985-4b72-42f8-b615-cd01c585ca88,9d6b03e7-6dd6-4592-9eeb-d9e3bd85567d,5,The venue was too small for the crowd.,2026-03-03 15:19:22.616
3a3ca76c-f81b-4496-9717-7e7b97fb1787,b186f3f0-786f-4af3-8266-ed05dd0ae33e,753d1fa8-d7c2-4240-80b1-7b875fbac6f7,4,Not what I expected.,2026-03-03 15:19:22.609
dc29b14c-103c-4a9b-9f89-930e5c59b382,bc9f4495-ac87-426a-b3fc-e9d762c9ccd6,c477818f-9cc3-47b7-9a8e-f596f39db643,3,Could have been better.,2026-03-03 15:19:22.601
edc87e16-65f4-4b02-aa12-08136262737d,4c699e1a-e949-4914-a420-0b295837f783,724764e7-ff07-470c-b57a-99c5236e77ee,5,Not what I expected.,2026-03-03 15:19:22.600
5e98b165-8796-49de-95e8-fd4d6ef1de08,3dc13c7b-9a77-482d-97af-a9e9621cd826,6f381af7-99fb-4d73-907e-001929f58a62,3,Would definitely attend again!,2026-03-03 15:19:22.523
52d12830-bb38-4718-8357-9bdd79a5e419,f90791e3-62d3-4448-832c-58e6a9b762c2,c477818f-9cc3-47b7-9a8e-f596f39db643,4,Would definitely attend again!,2026-03-03 15:19:22.454
19819211-9148-4fa4-997e-a31b168d6631,ef0ee256-9549-4d63-8087-6c16081bd5e6,67cb0aa5-09e1-40b9-b140-bfca04307b59,5,Great event! Learned a lot.,2026-03-03 15:19:22.422
ec7b82a5-61cc-4a2c-9296-b53d9632d603,7bb8482a-941c-4fd3-ba41-cca1c440a836,6f381af7-99fb-4d73-907e-001929f58a62,3,Good networking opportunity.,2026-03-03 15:19:22.401
a09999eb-a517-4f61-8170-8792ed05374f,7b9d52ce-df59-4754-b4c4-b7ba26d12dbc,18cd5b92-d2c7-44c4-be1e-ee76bddf90f7,3,Excellent hands-on experience.,2026-03-03 15:19:22.369
e27671d7-3674-4462-8ec9-ad18e3f3b306,5bc04554-35d1-466a-901e-bf6a4e02a811,076677af-ae78-4f4d-a0a4-fed320324add,3,Not what I expected.,2026-03-03 15:19:22.365
9c31c496-e5d9-4221-b61a-a8aac05acac9,3189a985-4b72-42f8-b615-cd01c585ca88,7b878734-1d4a-4fa9-bd7a-77c3180bf45a,3,Well organized and informative.,2026-03-03 15:19:22.359
a86b9282-df10-4eb0-9126-2e4f1a6c9af4,4c699e1a-e949-4914-a420-0b295837f783,4fa771ca-11d2-4a7d-830a-809082703291,5,,2026-03-03 15:19:22.347
48fe3db8-e37b-4831-a821-fe2a0c3004ef,d4326384-2a6d-449c-b9a9-d8ba4a6bd781,273915ba-cb64-45ea-8921-f1a49234eb3e,4,Well organized and informative.,2026-03-03 15:19:22.342
baf9f570-6126-4fa6-8f5f-f493443dd1c9,874cceda-d069-4356-a666-dae3f04f8f0b,4fa771ca-11d2-4a7d-830a-809082703291,5,Great event! Learned a lot.,2026-03-03 15:19:22.340
344d98e5-b714-4880-bce4-8542dacdb25b,eebf0298-9f3f-42bd-a1ef-02207c69ab72,149dca0c-2d06-402a-a468-0d667c3f9728,4,Excellent hands-on experience.,2026-03-03 15:19:22.338
c9c3bbe6-54a4-4d19-b574-037863a5b6ab,5d877a2c-fecd-4d52-b60c-027c8ce709d2,7b878734-1d4a-4fa9-bd7a-77c3180bf45a,3,Great event! Learned a lot.,2026-03-03 15:19:22.317
762ca728-aa5c-4d9b-b58a-692092fcec3e,d34480a3-d6fa-4d5f-8525-7e6b8eca7dd1,f3fa6d13-f146-4a6f-bca9-c8aaacb7c180,5,,2026-03-03 15:19:22.306
9b335672-cda7-41bb-9d25-b1f2d2938679,d7e099b1-1ca7-4dac-b107-08f3c7106a60,3beeb6f2-ddf0-480e-a693-a64ffa5bb810,3,Amazing speakers and content!,2026-03-03 15:19:22.300
a95601f7-a1c3-40eb-a6ad-5652f98b6225,cb2888ed-5460-4728-8b91-ed750b2268b5,c477818f-9cc3-47b7-9a8e-f596f39db643,3,,2026-03-03 15:19:22.294
3daeeb8e-b671-48a9-bc38-ccc0be0ec2ea,c029ea2d-2f55-4b11-8d50-7f9289803c42,a9bf4219-948f-4957-9e45-5e4949aaa023,5,Would definitely attend again!,2026-03-02 15:19:22.680
eaf91cfc-d875-4e4f-81f3-3c589caca833,f1edb154-093c-41e3-91f6-c6ae72e63461,f907683b-b38f-46bd-a7a8-7afd898246fa,4,The venue was too small for the crowd.,2026-03-02 15:19:22.672
7b753eff-8a21-4d8c-b69c-abd8ad07c0ef,dac76df2-ffa2-457e-9a2d-424bcd283830,db5552dd-91c6-49c0-bdbb-a6ad72fe9967,4,The venue was too small for the crowd.,2026-03-02 15:19:22.666
2790517b-c343-4ac3-8fef-f5373cd821f5,544f6cd5-5878-402f-9adf-570847a79696,025164fb-b247-405d-a6ef-87432c7a883d,5,The venue was too small for the crowd.,2026-03-02 15:19:22.607
f3dc5c13-6c64-4954-b32d-1eb0cfd366ad,7a3a9c11-6e7c-4787-bf8f-12e304cfe23d,9d534d4e-dc03-49d5-bc71-56dfe3fd6914,1,Excellent hands-on experience.,2026-03-02 15:19:22.564
ba43e2dd-cdd3-418a-9325-c807ad959124,23e3fae9-7ada-483a-95e6-5c38a7732942,025164fb-b247-405d-a6ef-87432c7a883d,4,Could have been better.,2026-03-02 15:19:22.560
f99fb82d-3485-4afc-bcb8-756a7258ef8d,3e760ba7-bdbf-475b-96de-909113eab75f,3e022a2a-06fe-4cfc-a1b5-af39afbc799b,5,,2026-03-02 15:19:22.553
a591c976-fe53-46d0-a6ce-d425611ca4f6,7bb8482a-941c-4fd3-ba41-cca1c440a836,3beeb6f2-ddf0-480e-a693-a64ffa5bb810,3,Excellent hands-on experience.,2026-03-02 15:19:22.521
e42c3209-25dc-4989-b713-228d5888e624,fed73d8e-35f7-4d6b-bb34-2d886dc08287,149dca0c-2d06-402a-a468-0d667c3f9728,5,Excellent hands-on experience.,2026-03-02 15:19:22.511
2529a4f1-4ae1-48c2-a478-92eb2ee25d2e,43e96969-a200-4848-ab8c-e33011b79aea,d5dfcb90-4f5c-4ce0-9225-e0ce92aea046,5,Excellent hands-on experience.,2026-03-02 15:19:22.494
f307626f-99a1-424d-8946-447699537fee,b5ce1893-7522-414b-ae10-6914691d340c,d45ccda3-7a54-4539-9841-03584afff27f,4,Well organized and informative.,2026-03-02 15:19:22.480
1253352f-2943-4122-aab8-3b94b1eefe3b,d544ba73-9c39-40b8-96f0-dacf4c914d82,a9bf4219-948f-4957-9e45-5e4949aaa023,5,Could have been better.,2026-03-02 15:19:22.473
957558b4-8550-4b9d-a28e-c1a902cb5bf4,dac76df2-ffa2-457e-9a2d-424bcd283830,f01f72af-b8b9-4307-8d0d-ab4268c4eeac,5,,2026-03-02 15:19:22.377
bed9c250-177b-4404-9284-afb1c2773aa6,c73880b0-8c40-4b5c-aae9-8d81004c8326,d6413f44-7949-4eca-9f13-1ad1e6b8395d,4,Excellent hands-on experience.,2026-03-02 15:19:22.357
942cadf7-93e0-47ae-ac8e-cc652476ce92,e41e510f-147e-43cb-9ff9-a884822442c7,0cb1256f-a596-4972-9538-58c4d7998883,2,,2026-03-02 15:19:22.337
e0050f7c-a8b7-426f-b435-9004f962a895,88d0cb02-6bcb-4a1d-a8f3-497be5527524,871cedb9-06fe-4175-a3fa-839a14c53219,4,Would definitely attend again!,2026-03-02 15:19:22.305
922eca67-5cee-45c9-b193-76584e36956a,cb2888ed-5460-4728-8b91-ed750b2268b5,67cb0aa5-09e1-40b9-b140-bfca04307b59,3,Not what I expected.,2026-03-02 15:19:22.284
fe5c541a-d49b-4d85-af95-63ee85b4cb79,5db7d277-984a-486a-8b2c-9b5948345a6d,9d6b03e7-6dd6-4592-9eeb-d9e3bd85567d,4,The venue was too small for the crowd.,2026-03-02 15:19:22.279
cf221749-e086-472c-a5db-ee399be5cb9b,6221c0e0-95ee-4508-9e61-519f6d8756e9,d5dfcb90-4f5c-4ce0-9225-e0ce92aea046,4,,2026-03-02 15:19:22.273
c6ecae3a-0d27-410b-8220-5d50ed1f85e1,d93d3174-edb5-47e5-a666-4760c8ae0feb,58ceb069-d55a-487c-b080-855d993b7109,5,Not what I expected.,2026-03-01 15:19:22.689
6e9d83b3-58c3-43a3-9c17-ba35e8a890b5,b5ed048e-87ea-4e0e-b843-70a8c3800821,9d6b03e7-6dd6-4592-9eeb-d9e3bd85567d,3,Would definitely attend again!,2026-03-01 15:19:22.686
0a69dc40-564c-40df-9d26-50ffe821183c,dac76df2-ffa2-457e-9a2d-424bcd283830,871cedb9-06fe-4175-a3fa-839a14c53219,4,Not what I expected.,2026-03-01 15:19:22.658
0cde16ae-230c-4801-b410-a20f8368770e,5d877a2c-fecd-4d52-b60c-027c8ce709d2,17421e06-2d29-46bf-b4cc-96fdd85e0723,4,Good networking opportunity.,2026-03-01 15:19:22.658
53b0f9c6-d8ca-4b58-85f8-5cfb0465cf1b,d86195b9-4233-4cc6-865e-cb5795b5c8a9,a9bf4219-948f-4957-9e45-5e4949aaa023,4,Amazing speakers and content!,2026-03-01 15:19:22.641
d90d56af-d9b0-4255-89ff-07621bc8e9ad,43a0fe9d-2407-4be8-94db-299355410786,f907683b-b38f-46bd-a7a8-7afd898246fa,4,The venue was too small for the crowd.,2026-03-01 15:19:22.604
2a545422-f36b-4f64-a594-b2ffd718ad65,e7b32a95-c19b-4788-aabf-76c71f1b1bf5,9cc8f230-8eb7-4baf-91aa-3476c5da3768,4,Great event! Learned a lot.,2026-03-01 15:19:22.583
01458ab4-e15f-4aea-989b-4cb1421db6b2,d4326384-2a6d-449c-b9a9-d8ba4a6bd781,3e022a2a-06fe-4cfc-a1b5-af39afbc799b,3,Amazing speakers and content!,2026-03-01 15:19:22.579
5a8a1fe0-8d3b-4b3e-a261-7a355dd6f517,34e8dde8-ebdf-495f-81df-934a49797b36,ace01c06-4677-40cd-bb1d-0ce2e8630fef,3,Not what I expected.,2026-03-01 15:19:22.538
5cee4959-9aed-4fbb-8ca3-6e3ca1ff8b88,0422ae3e-ed16-4148-bfb9-923969f0bcd6,d6413f44-7949-4eca-9f13-1ad1e6b8395d,4,Could have been better.,2026-03-01 15:19:22.525
bcb39af0-c3af-4f46-af25-8efba36f7e58,38a5d120-6011-446d-844c-78348325bf58,90ec8d7a-0a80-4ec0-8221-29c4bed09b78,4,,2026-03-01 15:19:22.502
1c863e45-0502-4c87-ad14-e8a2b5defe86,4dc0f433-b40f-450f-ab5f-d6b81a23779b,67cb0aa5-09e1-40b9-b140-bfca04307b59,3,Would definitely attend again!,2026-03-01 15:19:22.477
b603a573-a532-478e-b935-d1de120071ea,d7ce9a4e-ab23-4058-9ed7-04f8a8377e0d,ace01c06-4677-40cd-bb1d-0ce2e8630fef,2,,2026-03-01 15:19:22.457
41163632-0110-4f72-93fa-1d3e8afac100,0eb813bd-3187-4f0c-9b28-012709bdd46c,ace01c06-4677-40cd-bb1d-0ce2e8630fef,5,Not what I expected.,2026-03-01 15:19:22.438
1629e8f0-69c3-477c-b0a6-5f60eb665b11,60055c90-72ab-406c-88e8-6ec240e43d64,8ae1627b-fab3-402f-813a-1ba81dfee355,4,Good networking opportunity.,2026-03-01 15:19:22.430
23b43938-50cc-42da-8b9c-2d7f26f1e1a0,c208b9fc-90ea-44bd-bb94-e769a38d8ab2,149dca0c-2d06-402a-a468-0d667c3f9728,3,Good networking opportunity.,2026-03-01 15:19:22.392
2fd02919-9cb5-441f-ac39-d2ad4da28cb7,4dc0f433-b40f-450f-ab5f-d6b81a23779b,4fa771ca-11d2-4a7d-830a-809082703291,5,Amazing speakers and content!,2026-03-01 15:19:22.385
a8fdbee9-7b8d-456a-8553-d95c136fd569,dac76df2-ffa2-457e-9a2d-424bcd283830,a9bf4219-948f-4957-9e45-5e4949aaa023,5,Well organized and informative.,2026-03-01 15:19:22.382
11be5a49-2a9c-4577-819e-f1bf7e6af69b,c73880b0-8c40-4b5c-aae9-8d81004c8326,9cc8f230-8eb7-4baf-91aa-3476c5da3768,5,,2026-03-01 15:19:22.364
b7b2bb34-0788-4b41-b175-19bca04ea253,a9df9181-3721-4a32-819e-ae3cbd3707d2,c477818f-9cc3-47b7-9a8e-f596f39db643,4,The venue was too small for the crowd.,2026-03-01 15:19:22.328
f9d26b9c-179d-40bd-a876-0e5f91f7ab75,81f417cb-ce9d-4fa2-b08e-6f898e1edbeb,9009c29d-cd16-4a41-8ca4-87e78cabe5b4,4,Good networking opportunity.,2026-03-01 15:19:22.327
c54d0464-fd59-40b8-896f-56cb25441047,cffaf07c-5e91-4c30-bf7f-63779a296454,9c4ee923-36d1-4822-85fd-73a19a69d869,5,Excellent hands-on experience.,2026-03-01 15:19:22.322
d54b1b3b-df6f-4d13-93e9-dcf06946efa3,43a0fe9d-2407-4be8-94db-299355410786,8ae1627b-fab3-402f-813a-1ba81dfee355,4,Would definitely attend again!,2026-03-01 15:19:22.304
e8422a4d-ac79-4112-98c3-f5a0e26b432e,3e760ba7-bdbf-475b-96de-909113eab75f,17421e06-2d29-46bf-b4cc-96fdd85e0723,4,Well organized and informative.,2026-03-01 15:19:22.289
020a839e-3fb8-43c9-b599-43c6de1f8cd1,0422ae3e-ed16-4148-bfb9-923969f0bcd6,58ceb069-d55a-487c-b080-855d993b7109,4,Not what I expected.,2026-02-28 15:19:22.691
094a20e5-8d57-4fa9-946d-d96193774393,88d0cb02-6bcb-4a1d-a8f3-497be5527524,eba557ce-e134-4eab-b7e4-dec55e027c6b,3,Excellent hands-on experience.,2026-02-28 15:19:22.691
10ecaaef-63ae-4e96-b662-d18f5f9b16ea,0eb813bd-3187-4f0c-9b28-012709bdd46c,8ab136db-af7e-4428-a861-1d9c21aad10e,5,Good networking opportunity.,2026-02-28 15:19:22.687
b3231d03-b9c2-4155-ae04-6d8c48eef41b,9a294617-64a1-44ee-8aff-7bbec1b6d97e,f907683b-b38f-46bd-a7a8-7afd898246fa,5,Well organized and informative.,2026-02-28 15:19:22.652
716781c0-7bb6-492b-86ef-2dba3c4dfdfb,23e3fae9-7ada-483a-95e6-5c38a7732942,f3fa6d13-f146-4a6f-bca9-c8aaacb7c180,4,Amazing speakers and content!,2026-02-28 15:19:22.628
e82c8416-b7f9-4dff-964a-75e74b516f04,4dc0f433-b40f-450f-ab5f-d6b81a23779b,17421e06-2d29-46bf-b4cc-96fdd85e0723,4,Not what I expected.,2026-02-28 15:19:22.571
163b8f62-ed71-4636-8d87-eed8fc2b5c3d,c73880b0-8c40-4b5c-aae9-8d81004c8326,8ae1627b-fab3-402f-813a-1ba81dfee355,3,Great event! Learned a lot.,2026-02-28 15:19:22.555
6f88077c-8021-4be3-8577-f1d384fe6b23,4dc0f433-b40f-450f-ab5f-d6b81a23779b,90ec8d7a-0a80-4ec0-8221-29c4bed09b78,5,Would definitely attend again!,2026-02-28 15:19:22.547
3320aff5-39e4-4291-b31f-afe7d14e09de,d4326384-2a6d-449c-b9a9-d8ba4a6bd781,67cb0aa5-09e1-40b9-b140-bfca04307b59,4,Could have been better.,2026-02-28 15:19:22.534
fcc6a1d7-7a8a-4289-96bb-b5a301061488,fed73d8e-35f7-4d6b-bb34-2d886dc08287,bf940740-0ebd-4a03-80ec-1067a0607b7e,4,Good networking opportunity.,2026-02-28 15:19:22.526
11756b64-4547-4dd6-96a1-88cd95cc0f09,ef0ee256-9549-4d63-8087-6c16081bd5e6,f3fa6d13-f146-4a6f-bca9-c8aaacb7c180,5,Amazing speakers and content!,2026-02-28 15:19:22.500
b6959b7f-03fc-49a9-8ba7-00a6fe192b86,04703585-1f4d-4f1e-8ef9-bdde517013c2,67cb0aa5-09e1-40b9-b140-bfca04307b59,4,Could have been better.,2026-02-28 15:19:22.491
a04dfcd0-245b-48ee-9f1e-21e8f18a682c,fed73d8e-35f7-4d6b-bb34-2d886dc08287,753d1fa8-d7c2-4240-80b1-7b875fbac6f7,4,Would definitely attend again!,2026-02-28 15:19:22.482
1142f707-4a6f-49cd-9426-ae8d70db9096,a3b2735e-8f22-4d93-bf4d-bb98f0cd9572,92b3025b-3929-4918-816a-5759ec61a5e9,4,,2026-02-28 15:19:22.441
1e36a059-49cf-47aa-b7de-a5fb8b1d959e,9e9a9a25-204b-4c05-b378-252fb40a0f16,9cc8f230-8eb7-4baf-91aa-3476c5da3768,4,Well organized and informative.,2026-02-28 15:19:22.391
472c049f-4bb1-419b-9673-58a5ccf2d924,35a5a7a5-01cf-4c03-96fb-e04b29af61ac,867f0884-1b6f-4505-90e9-9177f1fdcb17,4,Well organized and informative.,2026-02-28 15:19:22.381
20a25066-e7e4-46b6-9190-91dbf5d2029d,5a807382-4737-441b-9a14-a54fa18fd508,9cc8f230-8eb7-4baf-91aa-3476c5da3768,4,Well organized and informative.,2026-02-28 15:19:22.378
5cf494b3-d28f-4ae3-913b-f5324ce9719e,d7e099b1-1ca7-4dac-b107-08f3c7106a60,92b3025b-3929-4918-816a-5759ec61a5e9,5,Well organized and informative.,2026-02-28 15:19:22.372
e2c9774d-653d-497a-98e0-8b1e9bb730c1,6221c0e0-95ee-4508-9e61-519f6d8756e9,8ae1627b-fab3-402f-813a-1ba81dfee355,3,Amazing speakers and content!,2026-02-28 15:19:22.370
aae8003f-0337-487d-ba34-60599fafb174,d86195b9-4233-4cc6-865e-cb5795b5c8a9,025164fb-b247-405d-a6ef-87432c7a883d,4,Good networking opportunity.,2026-02-28 15:19:22.368
9dc1d504-d9c2-4cbb-b073-42fa518b777b,a7f2d0e4-33af-48ec-867e-76744570364b,d6413f44-7949-4eca-9f13-1ad1e6b8395d,5,Would definitely attend again!,2026-02-28 15:19:22.358
7f7e9381-d6e0-4d39-a590-5e48bf9589a7,10eed5ff-8933-404e-aadb-5864f036e0ea,f3fa6d13-f146-4a6f-bca9-c8aaacb7c180,4,Would definitely attend again!,2026-02-28 15:19:22.357
ccbf26f4-f017-4d98-bb27-f0ea92e10d34,7bb8482a-941c-4fd3-ba41-cca1c440a836,a418507d-2dda-4574-b28f-a7944c7b99fe,4,Great event! Learned a lot.,2026-02-28 15:19:22.350
6ef1aa92-6ffc-44fe-9075-43d34e29efe3,4c40b937-f059-476c-ad8b-7720810c0e42,025164fb-b247-405d-a6ef-87432c7a883d,4,Not what I expected.,2026-02-28 15:19:22.336
59d31ab6-41c5-41fb-ade8-ba7671a70f02,b5ce1893-7522-414b-ae10-6914691d340c,a9bf4219-948f-4957-9e45-5e4949aaa023,5,Amazing speakers and content!,2026-02-28 15:19:22.333
5ed67684-e8af-42e4-8a12-a28675d879a6,81f417cb-ce9d-4fa2-b08e-6f898e1edbeb,eba557ce-e134-4eab-b7e4-dec55e027c6b,3,The venue was too small for the crowd.,2026-02-28 15:19:22.316
74ee7c96-c845-461e-aac4-fe8b0dc2d33c,544f6cd5-5878-402f-9adf-570847a79696,c477818f-9cc3-47b7-9a8e-f596f39db643,4,Great event! Learned a lot.,2026-02-28 15:19:22.315
e762e3e3-d363-43a5-8a74-7f74d3c3f56a,99624f39-44a6-4f50-82a1-86b4498ab5d6,149dca0c-2d06-402a-a468-0d667c3f9728,4,Amazing speakers and content!,2026-02-28 15:19:22.309
791187b8-cbbb-4058-9eb6-42c69d4f49fb,08451ca8-2fb6-45a5-8029-f7df481edc36,273915ba-cb64-45ea-8921-f1a49234eb3e,3,Great event! Learned a lot.,2026-02-28 15:19:22.301
fad9b8e6-df4c-4392-acae-7053218b7ce3,b6a4eee0-af07-42c7-a4a1-0f1b8990de68,6f381af7-99fb-4d73-907e-001929f58a62,4,The venue was too small for the crowd.,2026-02-28 15:19:22.300
6671654b-23a7-4062-8b29-723eaccd6d26,3dc13c7b-9a77-482d-97af-a9e9621cd826,58ceb069-d55a-487c-b080-855d993b7109,3,Great event! Learned a lot.,2026-02-28 15:19:22.288
30bff7c9-b628-4405-8830-b6ea4a447e92,efa4c015-3136-4a8c-9dcb-7986d2163674,d6413f44-7949-4eca-9f13-1ad1e6b8395d,5,Well organized and informative.,2026-02-27 15:19:22.694
dc472baa-0e55-4091-9971-3fbc7f285571,c73880b0-8c40-4b5c-aae9-8d81004c8326,753d1fa8-d7c2-4240-80b1-7b875fbac6f7,4,,2026-02-27 15:19:22.692
87170f36-5a41-427b-ad04-c60dc9c787be,1c6992ed-af51-4232-998b-23c8e70b652c,d45ccda3-7a54-4539-9841-03584afff27f,5,Would definitely attend again!,2026-02-27 15:19:22.688
b3251dff-d9b1-4cb4-afdd-32215d60c48c,391f2161-61af-44d4-8dbf-77347ef93bd9,58ceb069-d55a-487c-b080-855d993b7109,3,The venue was too small for the crowd.,2026-02-27 15:19:22.685
d1c0c140-713f-421e-8836-63eadc16c431,b5dc73f3-d386-47b1-af5d-75e80b4e8ab7,b1ec34d9-b435-41d5-859f-0d3786111920,2,Amazing speakers and content!,2026-02-27 15:19:22.679
77281d2f-b3b7-459c-86f4-5cf18a39153a,10eed5ff-8933-404e-aadb-5864f036e0ea,b2f30c04-b73c-4323-84be-b1c906a48557,3,,2026-02-27 15:19:22.669
210232ac-f606-4339-8058-4160ec05f2fc,fed73d8e-35f7-4d6b-bb34-2d886dc08287,9d6b03e7-6dd6-4592-9eeb-d9e3bd85567d,5,Amazing speakers and content!,2026-02-27 15:19:22.653
a322a8f8-4827-4c88-92fd-ab4ec5f34abd,60055c90-72ab-406c-88e8-6ec240e43d64,a418507d-2dda-4574-b28f-a7944c7b99fe,3,Excellent hands-on experience.,2026-02-27 15:19:22.651
d2bc1b82-cd8a-461c-8faa-febe6e56236a,34e8dde8-ebdf-495f-81df-934a49797b36,8ae1627b-fab3-402f-813a-1ba81dfee355,5,Could have been better.,2026-02-27 15:19:22.631
68346799-60b8-47df-a5bc-0513dc1cc306,2de5ebdf-3cc8-4789-ba23-39749abc265a,025164fb-b247-405d-a6ef-87432c7a883d,5,Well organized and informative.,2026-02-27 15:19:22.630
45cc0df0-0b35-4057-88ef-408e4a0f30ef,9a294617-64a1-44ee-8aff-7bbec1b6d97e,f3fa6d13-f146-4a6f-bca9-c8aaacb7c180,4,Good networking opportunity.,2026-02-27 15:19:22.609
4480aa17-3661-4c1b-beac-1d036f20e039,b5ed048e-87ea-4e0e-b843-70a8c3800821,724764e7-ff07-470c-b57a-99c5236e77ee,4,Not what I expected.,2026-02-27 15:19:22.605
bd062c89-26bd-427a-8733-e0ace8eec974,5d877a2c-fecd-4d52-b60c-027c8ce709d2,bf940740-0ebd-4a03-80ec-1067a0607b7e,5,Not what I expected.,2026-02-27 15:19:22.578
4f8bdc30-0498-4789-9e13-5e0dc087be66,9a294617-64a1-44ee-8aff-7bbec1b6d97e,753d1fa8-d7c2-4240-80b1-7b875fbac6f7,4,Not what I expected.,2026-02-27 15:19:22.488
95851481-45dc-4541-9cdc-40242cfc5cf4,02e1836f-059b-4446-9db9-f58b83ab8285,867f0884-1b6f-4505-90e9-9177f1fdcb17,5,Could have been better.,2026-02-27 15:19:22.471
eb59e824-56f6-45df-a78a-f6920378eb63,b5ed048e-87ea-4e0e-b843-70a8c3800821,7b878734-1d4a-4fa9-bd7a-77c3180bf45a,5,Would definitely attend again!,2026-02-27 15:19:22.435
8ec654af-b2a6-4f3c-adb3-ddc1ea17928b,1c6992ed-af51-4232-998b-23c8e70b652c,eba557ce-e134-4eab-b7e4-dec55e027c6b,3,Good networking opportunity.,2026-02-27 15:19:22.414
6de9f71e-66a1-446a-bc3f-05dfcca70399,3189a985-4b72-42f8-b615-cd01c585ca88,a9bf4219-948f-4957-9e45-5e4949aaa023,3,Would definitely attend again!,2026-02-27 15:19:22.397
8f732555-6000-47c6-abfe-073c8943765c,60cf6a4d-37a6-4c2d-b6cb-dfd8618e50d6,9c4ee923-36d1-4822-85fd-73a19a69d869,3,Well organized and informative.,2026-02-27 15:19:22.388
d295c809-57ab-4bfe-97d2-4548bdeabccb,5a807382-4737-441b-9a14-a54fa18fd508,92b3025b-3929-4918-816a-5759ec61a5e9,5,Good networking opportunity.,2026-02-27 15:19:22.382
da4c1244-cdfa-406d-be8e-a981c8964473,eebf0298-9f3f-42bd-a1ef-02207c69ab72,bf940740-0ebd-4a03-80ec-1067a0607b7e,5,The venue was too small for the crowd.,2026-02-27 15:19:22.344
6ab72f1e-342d-4b02-99a1-449a7a717f9c,88d0cb02-6bcb-4a1d-a8f3-497be5527524,0cb1256f-a596-4972-9538-58c4d7998883,3,Could have been better.,2026-02-27 15:19:22.341
cd5bb80d-57b7-465c-8c34-ba407a947ec6,60cf6a4d-37a6-4c2d-b6cb-dfd8618e50d6,359761bb-19e4-4f0e-a4cd-760261b19dc5,4,Could have been better.,2026-02-27 15:19:22.333
c455be85-7f49-4b0c-aecf-a72b2b387773,04703585-1f4d-4f1e-8ef9-bdde517013c2,a418507d-2dda-4574-b28f-a7944c7b99fe,3,Could have been better.,2026-02-27 15:19:22.332
3afed535-9b4f-4482-a140-ed27d61e295e,5db7d277-984a-486a-8b2c-9b5948345a6d,c477818f-9cc3-47b7-9a8e-f596f39db643,4,Would definitely attend again!,2026-02-27 15:19:22.315
96b4b39a-d0a1-4573-a92d-8a682b4b7aa6,1c6992ed-af51-4232-998b-23c8e70b652c,9d6b03e7-6dd6-4592-9eeb-d9e3bd85567d,4,Not what I expected.,2026-02-27 15:19:22.293
ed983429-ada0-4d4d-ba79-1e1e53fe6305,be6d4ef9-3e24-4aa6-9581-fdcf554bf0ac,c477818f-9cc3-47b7-9a8e-f596f39db643,3,Amazing speakers and content!,2026-02-27 15:19:22.290
