id,user_id,interest_id
1751c426-3962-4663-9ef6-ea6790e8a2f7,b6a4eee0-af07-42c7-a4a1-0f1b8990de68,b50a6b0c-de5a-4d70-8973-48baed111065
97b3b263-1112-4793-82d1-821aaab8f744,b6a4eee0-af07-42c7-a4a1-0f1b8990de68,b1da3a84-5542-4f40-ba9b-464256b1280a
01d7d795-50c1-45e8-98da-3eff979aa59c,b5ce1893-7522-414b-ae10-6914691d340c,596e802c-4306-416a-b598-f84ca0f013fc
59c4a371-55e7-40c3-a163-9c2221d0d5bd,b5ce1893-7522-414b-ae10-6914691d340c,b50a6b0c-de5a-4d70-8973-48baed111065
b2c8797b-e238-40ba-9783-f0b4b5a68613,7b9d52ce-df59-4754-b4c4-b7ba26d12dbc,ac5893b5-d95c-40fd-b4d4-945fb4d4516f
78394484-5f01-4af8-8aff-dec44c48f898,7b9d52ce-df59-4754-b4c4-b7ba26d12dbc,b50a6b0c-de5a-4d70-8973-48baed111065
d5d6e171-54f6-432c-82a6-9462f469d557,7b9d52ce-df59-4754-b4c4-b7ba26d12dbc,596e802c-4306-416a-b598-f84ca0f013fc
1c771e99-7de7-4260-84e5-cdcb3e73fa95,7b9d52ce-df59-4754-b4c4-b7ba26d12dbc,a3638a00-aa2c-4a03-802e-679269a5f1cd
5e5c756a-f514-4a71-9d3c-90aad4d7e6ca,544f6cd5-5878-402f-9adf-570847a79696,a3638a00-aa2c-4a03-802e-679269a5f1cd
6830999c-9b88-41d0-b54c-e71413d203ec,544f6cd5-5878-402f-9adf-570847a79696,b50a6b0c-de5a-4d70-8973-48baed111065
3248a7a1-0c82-49a6-a666-f4bd34126ab0,544f6cd5-5878-402f-9adf-570847a79696,ac5893b5-d95c-40fd-b4d4-945fb4d4516f
6d822cc3-8ec5-4122-9436-0f1496c2092a,e3842d3b-61c1-4097-bc78-5052a269e064,a3638a00-aa2c-4a03-802e-679269a5f1cd
5c21d6e9-331a-4152-aef3-cb50c5236ffe,e3842d3b-61c1-4097-bc78-5052a269e064,ac5893b5-d95c-40fd-b4d4-945fb4d4516f
539ac794-e3f2-4094-997a-182e3cffa0f8,e3842d3b-61c1-4097-bc78-5052a269e064,07db327e-9a3c-40bd-8623-ae3723a2b995
184c36a3-0ab2-4596-a7bf-83ce841b01b1,c029ea2d-2f55-4b11-8d50-7f9289803c42,a3638a00-aa2c-4a03-802e-679269a5f1cd
b790d9ea-3d7b-48b0-b296-9dfc3b16c3a5,c029ea2d-2f55-4b11-8d50-7f9289803c42,ac5893b5-d95c-40fd-b4d4-945fb4d4516f
1f33042a-bf68-4be5-865f-280705096627,c029ea2d-2f55-4b11-8d50-7f9289803c42,b1da3a84-5542-4f40-ba9b-464256b1280a
2736a41e-6c9b-439c-9f12-c13f2b0b3551,c029ea2d-2f55-4b11-8d50-7f9289803c42,9396b678-43be-4651-b642-dc7ad254c2c3
2c815af5-04a2-47e1-804c-21cfd854d02c,874cceda-d069-4356-a666-dae3f04f8f0b,596e802c-4306-416a-b598-f84ca0f013fc
5b06cce0-1b85-4c52-bce1-6818a653de43,874cceda-d069-4356-a666-dae3f04f8f0b,ac5893b5-d95c-40fd-b4d4-945fb4d4516f
8f77c135-8b13-4df2-886c-6f109722d707,874cceda-d069-4356-a666-dae3f04f8f0b,461eb086-2185-4b2f-87bd-64ab744ad4cb
1604dd79-d347-41ef-9267-ddf24269e7b3,874cceda-d069-4356-a666-dae3f04f8f0b,07db327e-9a3c-40bd-8623-ae3723a2b995
0ea8c240-77de-4b00-8574-5db8eb3210ff,5d877a2c-fecd-4d52-b60c-027c8ce709d2,461eb086-2185-4b2f-87bd-64ab744ad4cb
e9c9e0be-c85c-4558-9d26-c179fa641e0f,5d877a2c-fecd-4d52-b60c-027c8ce709d2,9396b678-43be-4651-b642-dc7ad254c2c3
f00dbce1-4697-44b0-8a21-7711dc331932,5d877a2c-fecd-4d52-b60c-027c8ce709d2,ac5893b5-d95c-40fd-b4d4-945fb4d4516f
11e9b3d2-1dab-432d-8e0a-7703cbf1ec96,dac76df2-ffa2-457e-9a2d-424bcd283830,461eb086-2185-4b2f-87bd-64ab744ad4cb
d3ae7714-98af-43d2-a691-3875d7fb89e4,dac76df2-ffa2-457e-9a2d-424bcd283830,a3638a00-aa2c-4a03-802e-679269a5f1cd
2c3004c1-83cf-4032-89bf-b32e33f28121,dac76df2-ffa2-457e-9a2d-424bcd283830,b1da3a84-5542-4f40-ba9b-464256b1280a
d88b43c6-d4a4-4c0e-a56c-90734ee9a631,dac76df2-ffa2-457e-9a2d-424bcd283830,b50a6b0c-de5a-4d70-8973-48baed111065
e60f4810-cfed-4249-82f4-faf0280866ce,4fac1881-cc71-495d-a004-d77eca388801,b1da3a84-5542-4f40-ba9b-464256b1280a
28a3bba3-1715-4e4d-9529-767d90f0f636,4fac1881-cc71-495d-a004-d77eca388801,ac5893b5-d95c-40fd-b4d4-945fb4d4516f
d99af520-cc6b-43e5-8d8d-467c2feddea0,4fac1881-cc71-495d-a004-d77eca388801,07db327e-9a3c-40bd-8623-ae3723a2b995
7fa5b558-398d-43c8-bc89-1d426900f1b0,4fac1881-cc71-495d-a004-d77eca388801,b50a6b0c-de5a-4d70-8973-48baed111065
96671115-9bde-492d-a573-8ae0410f8259,9e9a9a25-204b-4c05-b378-252fb40a0f16,b1da3a84-5542-4f40-ba9b-464256b1280a
991dc9f3-a8f0-465e-b660-0849e0605521,9e9a9a25-204b-4c05-b378-252fb40a0f16,b50a6b0c-de5a-4d70-8973-48baed111065
2f10f8d1-d500-4c19-9a55-961cb7a67d6d,9e9a9a25-204b-4c05-b378-252fb40a0f16,9396b678-43be-4651-b642-dc7ad254c2c3
f7375769-e88e-41d6-b64c-e45ff7bb6597,9e9a9a25-204b-4c05-b378-252fb40a0f16,596e802c-4306-416a-b598-f84ca0f013fc
af5ef94f-7402-41fc-bd9e-c93f08d3a110,a91dac93-377c-48e1-97b0-4eb3b61e53a3,a3638a00-aa2c-4a03-802e-679269a5f1cd
bda3c54e-cddd-4610-9be2-7aa3adfafcf1,a91dac93-377c-48e1-97b0-4eb3b61e53a3,b1da3a84-5542-4f40-ba9b-464256b1280a
aa7ccbc5-d1c5-45d9-afd9-3991b983e2ff,a91dac93-377c-48e1-97b0-4eb3b61e53a3,9396b678-43be-4651-b642-dc7ad254c2c3
a6f58686-09b7-4497-baf4-94b8b51c9661,a91dac93-377c-48e1-97b0-4eb3b61e53a3,596e802c-4306-416a-b598-f84ca0f013fc
1e7b4229-c540-4a28-b0f3-df2e8e875bc1,c73880b0-8c40-4b5c-aae9-8d81004c8326,b50a6b0c-de5a-4d70-8973-48baed111065
846725fb-c533-4c83-a751-5885dfecd739,c73880b0-8c40-4b5c-aae9-8d81004c8326,ac5893b5-d95c-40fd-b4d4-945fb4d4516f
cf2d89fd-734b-48b0-b0a5-82a0751a25fe,c73880b0-8c40-4b5c-aae9-8d81004c8326,07db327e-9a3c-40bd-8623-ae3723a2b995
97f30105-3845-446e-b051-c92e99f4d73c,c208b9fc-90ea-44bd-bb94-e769a38d8ab2,ac5893b5-d95c-40fd-b4d4-945fb4d4516f
bc841388-e223-438c-aafd-c720f31995c8,c208b9fc-90ea-44bd-bb94-e769a38d8ab2,596e802c-4306-416a-b598-f84ca0f013fc
fabd0b43-8de8-479d-80ef-c0e7620f9122,4a3adbd6-19d6-4408-91ca-63119a4d4218,b50a6b0c-de5a-4d70-8973-48baed111065
fb881979-b0aa-4e13-a5f4-cb4b43c84db3,4a3adbd6-19d6-4408-91ca-63119a4d4218,b1da3a84-5542-4f40-ba9b-464256b1280a
7402187b-7c67-4641-966e-1d29bbb677e3,4a3adbd6-19d6-4408-91ca-63119a4d4218,a3638a00-aa2c-4a03-802e-679269a5f1cd
f5cf6374-e7fb-48f9-9de7-c2016a3cff93,4a3adbd6-19d6-4408-91ca-63119a4d4218,461eb086-2185-4b2f-87bd-64ab744ad4cb
2c0d2562-7bbc-467d-a6d7-4f4a5e57882a,cf2986c4-d916-49b8-8af8-e907fca9b690,a3638a00-aa2c-4a03-802e-679269a5f1cd
e1e5c81c-e6ad-4783-91c4-5440f0844597,cf2986c4-d916-49b8-8af8-e907fca9b690,9396b678-43be-4651-b642-dc7ad254c2c3
a166b209-2330-4209-a197-ac7d083f7d45,10eed5ff-8933-404e-aadb-5864f036e0ea,596e802c-4306-416a-b598-f84ca0f013fc
e282818e-b102-4e04-a9c6-8d89e351be45,10eed5ff-8933-404e-aadb-5864f036e0ea,b50a6b0c-de5a-4d70-8973-48baed111065
03cdc32f-05a8-4c24-b52f-3fd88c89eb0e,10eed5ff-8933-404e-aadb-5864f036e0ea,461eb086-2185-4b2f-87bd-64ab744ad4cb
8a812b9c-6c10-4011-9ad1-63852d1ae723,10eed5ff-8933-404e-aadb-5864f036e0ea,ac5893b5-d95c-40fd-b4d4-945fb4d4516f
0ceddeb7-eaca-4bc2-8801-6c5e53ae8176,be351f36-e076-4db6-a66e-2b2c4b249567,07db327e-9a3c-40bd-8623-ae3723a2b995
04b7695d-7ca0-45fb-ba3a-e749967a03f4,be351f36-e076-4db6-a66e-2b2c4b249567,9396b678-43be-4651-b642-dc7ad254c2c3
b0400a13-b4d9-406d-a3b2-8a4271dcdff5,be351f36-e076-4db6-a66e-2b2c4b249567,461eb086-2185-4b2f-87bd-64ab744ad4cb
c261c41b-a241-4220-a98b-f73058d5c549,fcfc943c-0c7c-4a90-a9dd-36120ff78e3f,9396b678-43be-4651-b642-dc7ad254c2c3
b70046a9-fca3-4241-a5a1-7edc49e9b3c3,fcfc943c-0c7c-4a90-a9dd-36120ff78e3f,ac5893b5-d95c-40fd-b4d4-945fb4d4516f
505edbca-a884-415f-a416-c178f8f5ec0b,35a5a7a5-01cf-4c03-96fb-e04b29af61ac,461eb086-2185-4b2f-87bd-64ab744ad4cb
3528417c-730f-4b3c-8866-d71a71a9a3df,35a5a7a5-01cf-4c03-96fb-e04b29af61ac,9396b678-43be-4651-b642-dc7ad254c2c3
95aec8a6-be94-43ef-a54a-f41ea58f1eee,35a5a7a5-01cf-4c03-96fb-e04b29af61ac,a3638a00-aa2c-4a03-802e-679269a5f1cd
b0a324d5-cfd4-4382-a7e1-8e0ebd410fdc,35a5a7a5-01cf-4c03-96fb-e04b29af61ac,b1da3a84-5542-4f40-ba9b-464256b1280a
4c31f9f7-7dbc-42ea-a99c-e7f66293e623,d544ba73-9c39-40b8-96f0-dacf4c914d82,b1da3a84-5542-4f40-ba9b-464256b1280a
09f947fd-dc5d-4ece-9845-a218ed50e4c3,d544ba73-9c39-40b8-96f0-dacf4c914d82,596e802c-4306-416a-b598-f84ca0f013fc
eb09f7eb-f6df-4c0f-9688-9fa9f261d08e,d544ba73-9c39-40b8-96f0-dacf4c914d82,a3638a00-aa2c-4a03-802e-679269a5f1cd
c2fb24ef-d031-4f24-b5a7-c642d31eb2a7,b5dc73f3-d386-47b1-af5d-75e80b4e8ab7,596e802c-4306-416a-b598-f84ca0f013fc
179a80c6-96f3-4221-9c67-8b8be2556156,b5dc73f3-d386-47b1-af5d-75e80b4e8ab7,a3638a00-aa2c-4a03-802e-679269a5f1cd
5fab6344-d669-48c9-accd-6f681e81214d,49594c00-b1d0-498a-b817-a7211fcb2f37,07db327e-9a3c-40bd-8623-ae3723a2b995
24496230-8f1c-497a-a9c9-58b6482e4fa5,49594c00-b1d0-498a-b817-a7211fcb2f37,ac5893b5-d95c-40fd-b4d4-945fb4d4516f
355eca4c-0edc-4965-a650-006e64992dd9,7bb8482a-941c-4fd3-ba41-cca1c440a836,461eb086-2185-4b2f-87bd-64ab744ad4cb
8242e9db-3b94-4f18-a3fb-bace8733108b,7bb8482a-941c-4fd3-ba41-cca1c440a836,b1da3a84-5542-4f40-ba9b-464256b1280a
d112bab9-c90e-474a-ad64-5fa870abef4d,d7ce9a4e-ab23-4058-9ed7-04f8a8377e0d,b50a6b0c-de5a-4d70-8973-48baed111065
224f79fd-5be2-4ca9-8cd7-e3f8f8b5b79a,d7ce9a4e-ab23-4058-9ed7-04f8a8377e0d,07db327e-9a3c-40bd-8623-ae3723a2b995
238e29d4-a76f-4532-af92-66ed58145d37,60055c90-72ab-406c-88e8-6ec240e43d64,b50a6b0c-de5a-4d70-8973-48baed111065
b622c449-7433-4f01-95f0-21cff67cd7bd,60055c90-72ab-406c-88e8-6ec240e43d64,07db327e-9a3c-40bd-8623-ae3723a2b995
2602009a-4484-4121-b620-7c65a360e54f,60055c90-72ab-406c-88e8-6ec240e43d64,596e802c-4306-416a-b598-f84ca0f013fc
856124cb-1c30-4ac2-853e-8577bd6a8a0d,60055c90-72ab-406c-88e8-6ec240e43d64,461eb086-2185-4b2f-87bd-64ab744ad4cb
b695e1bf-f87c-4730-9ce5-0ecaa5556546,2de5ebdf-3cc8-4789-ba23-39749abc265a,ac5893b5-d95c-40fd-b4d4-945fb4d4516f
c6fab547-ec59-457e-b3e5-8c67a963f927,2de5ebdf-3cc8-4789-ba23-39749abc265a,b50a6b0c-de5a-4d70-8973-48baed111065
b7f59228-37a5-49ae-876e-f4722d01b129,88d0cb02-6bcb-4a1d-a8f3-497be5527524,b50a6b0c-de5a-4d70-8973-48baed111065
93d4820f-8bb2-4aa6-86fa-3a23c2b2120e,88d0cb02-6bcb-4a1d-a8f3-497be5527524,07db327e-9a3c-40bd-8623-ae3723a2b995
31deb736-96ab-4a3c-87f5-03cd820b4a8f,88d0cb02-6bcb-4a1d-a8f3-497be5527524,b1da3a84-5542-4f40-ba9b-464256b1280a
3312787b-9b53-4c7b-949a-d1a35bc07377,88d0cb02-6bcb-4a1d-a8f3-497be5527524,a3638a00-aa2c-4a03-802e-679269a5f1cd
3ced7b2d-38cc-4ccf-926b-2985f224e509,1713704d-bca8-4eef-bfe3-26e07ab2b811,9396b678-43be-4651-b642-dc7ad254c2c3
c55d0295-cb99-4d92-b721-88c07c4727cc,1713704d-bca8-4eef-bfe3-26e07ab2b811,596e802c-4306-416a-b598-f84ca0f013fc
33aa23f7-eb8a-4c53-8fce-c432328332df,1713704d-bca8-4eef-bfe3-26e07ab2b811,b50a6b0c-de5a-4d70-8973-48baed111065
2c306c74-9ddc-4e8c-9d9c-b91e81c0017e,ac238beb-9d9a-42f9-977c-7e968241ba59,9396b678-43be-4651-b642-dc7ad254c2c3
14d1dd89-3016-44b1-9211-02f8be402c04,ac238beb-9d9a-42f9-977c-7e968241ba59,461eb086-2185-4b2f-87bd-64ab744ad4cb
a8e62dc6-0dd7-4e08-a058-a248f12b2ecc,ac238beb-9d9a-42f9-977c-7e968241ba59,596e802c-4306-416a-b598-f84ca0f013fc
0223a62c-4752-4546-bc0a-682027528091,5bc04554-35d1-466a-901e-bf6a4e02a811,07db327e-9a3c-40bd-8623-ae3723a2b995
d087c1eb-782e-4d5d-a0f8-76244fdcd842,5bc04554-35d1-466a-901e-bf6a4e02a811,b1da3a84-5542-4f40-ba9b-464256b1280a
7ee605bc-1f1a-458c-bd22-88fde4f9e807,3189a985-4b72-42f8-b615-cd01c585ca88,461eb086-2185-4b2f-87bd-64ab744ad4cb
9ff36c48-8c9c-4ad5-8807-b23dc9209017,3189a985-4b72-42f8-b615-cd01c585ca88,07db327e-9a3c-40bd-8623-ae3723a2b995
96a482e6-c579-4e38-af3a-14942ce0ff5e,3189a985-4b72-42f8-b615-cd01c585ca88,a3638a00-aa2c-4a03-802e-679269a5f1cd
64796e4a-e427-4270-903c-35597f105a96,3189a985-4b72-42f8-b615-cd01c585ca88,ac5893b5-d95c-40fd-b4d4-945fb4d4516f
ac30b1df-bb1a-40dc-99ed-dd88a7ae96f6,f1edb154-093c-41e3-91f6-c6ae72e63461,596e802c-4306-416a-b598-f84ca0f013fc
927fa87f-df4e-40b3-80fc-a9db5d22d9d0,f1edb154-093c-41e3-91f6-c6ae72e63461,a3638a00-aa2c-4a03-802e-679269a5f1cd
404c80f1-4956-4b48-80d5-a65348f640de,952f67ab-b948-48a4-8c56-abc73d5ef2d4,b1da3a84-5542-4f40-ba9b-464256b1280a
3df2531f-246e-46de-b4f8-a5020a199603,952f67ab-b948-48a4-8c56-abc73d5ef2d4,461eb086-2185-4b2f-87bd-64ab744ad4cb
a2fd7a00-9cc2-4e12-82ee-9bc424c98b3d,952f67ab-b948-48a4-8c56-abc73d5ef2d4,b50a6b0c-de5a-4d70-8973-48baed111065
89ae3fe1-58bb-4eed-88d6-dc95a1f85ffd,952f67ab-b948-48a4-8c56-abc73d5ef2d4,ac5893b5-d95c-40fd-b4d4-945fb4d4516f
0f5f0ab5-0039-4435-832e-d245271058db,d7e099b1-1ca7-4dac-b107-08f3c7106a60,b50a6b0c-de5a-4d70-8973-48baed111065
451a12f9-ac7e-404e-84c6-b2132f53e9da,d7e099b1-1ca7-4dac-b107-08f3c7106a60,07db327e-9a3c-40bd-8623-ae3723a2b995
1862c6e5-8222-4ea6-9f10-6de4e64c5bec,d7e099b1-1ca7-4dac-b107-08f3c7106a60,596e802c-4306-416a-b598-f84ca0f013fc
fda4c2a3-2957-4182-aa12-832f8ada1d2a,5a807382-4737-441b-9a14-a54fa18fd508,a3638a00-aa2c-4a03-802e-679269a5f1cd
e93b6053-9469-41bc-b438-5e7791f5c0af,5a807382-4737-441b-9a14-a54fa18fd508,b50a6b0c-de5a-4d70-8973-48baed111065
e6f744fa-5b86-44b0-b464-0a2050e70258,0f1fbcba-a49d-4556-a38d-e89e2736f709,9396b678-43be-4651-b642-dc7ad254c2c3
cf3c4846-71ae-4232-bd78-04d3d7b6f64d,0f1fbcba-a49d-4556-a38d-e89e2736f709,ac5893b5-d95c-40fd-b4d4-945fb4d4516f
86dcad6d-d042-4897-9842-37a362961285,1b27cbc4-3a52-472a-b4f7-b711f90600ba,a3638a00-aa2c-4a03-802e-679269a5f1cd
4f115316-096f-494f-b24d-ae2b799dd9f9,1b27cbc4-3a52-472a-b4f7-b711f90600ba,b1da3a84-5542-4f40-ba9b-464256b1280a
05740856-8871-48bb-a021-6e7d5bf0159a,1b27cbc4-3a52-472a-b4f7-b711f90600ba,07db327e-9a3c-40bd-8623-ae3723a2b995
4f1562be-149e-4568-8930-402c075dd54c,1b27cbc4-3a52-472a-b4f7-b711f90600ba,b50a6b0c-de5a-4d70-8973-48baed111065
c20d867f-9aaa-4896-b88e-bad9babc7837,0422ae3e-ed16-4148-bfb9-923969f0bcd6,a3638a00-aa2c-4a03-802e-679269a5f1cd
94318fc4-8c56-4e0f-9165-9e70e72a6e0d,0422ae3e-ed16-4148-bfb9-923969f0bcd6,9396b678-43be-4651-b642-dc7ad254c2c3
bc9c9f5d-7b80-402a-9d7a-1a57795ef452,0422ae3e-ed16-4148-bfb9-923969f0bcd6,b50a6b0c-de5a-4d70-8973-48baed111065
d43e7464-f4bf-41ec-8b3d-1fff3a178ddd,d93d3174-edb5-47e5-a666-4760c8ae0feb,a3638a00-aa2c-4a03-802e-679269a5f1cd
5a80facb-212b-48a1-9ef5-0705de6edece,d93d3174-edb5-47e5-a666-4760c8ae0feb,ac5893b5-d95c-40fd-b4d4-945fb4d4516f
1d6dcacb-e68b-4603-bc78-355d43fa747c,d93d3174-edb5-47e5-a666-4760c8ae0feb,07db327e-9a3c-40bd-8623-ae3723a2b995
15e6f721-6b81-4579-88bd-87b890db557f,1c6992ed-af51-4232-998b-23c8e70b652c,461eb086-2185-4b2f-87bd-64ab744ad4cb
7744a27f-d1d3-4eec-b120-d54c4f8f5451,1c6992ed-af51-4232-998b-23c8e70b652c,b1da3a84-5542-4f40-ba9b-464256b1280a
da881866-e46b-4810-aad8-7b31b261d203,1c6992ed-af51-4232-998b-23c8e70b652c,9396b678-43be-4651-b642-dc7ad254c2c3
38e5b729-be6b-4a7c-8c38-91ec0e1bbfc4,aaa931c2-2d7d-4680-957f-46e3ccf2979a,b50a6b0c-de5a-4d70-8973-48baed111065
0dae1104-fae7-40b7-aa06-f20933405bec,aaa931c2-2d7d-4680-957f-46e3ccf2979a,07db327e-9a3c-40bd-8623-ae3723a2b995
c40f7f75-bb38-4476-9955-6da29dd345ce,a3b2735e-8f22-4d93-bf4d-bb98f0cd9572,461eb086-2185-4b2f-87bd-64ab744ad4cb
683785a6-5216-48ee-bb04-dbdaed5ccd2b,a3b2735e-8f22-4d93-bf4d-bb98f0cd9572,596e802c-4306-416a-b598-f84ca0f013fc
5978834c-a412-4415-b3d6-f10215e57433,a3b2735e-8f22-4d93-bf4d-bb98f0cd9572,b50a6b0c-de5a-4d70-8973-48baed111065
99ade628-5183-4ccf-b39c-1f400ca28d25,a3b2735e-8f22-4d93-bf4d-bb98f0cd9572,07db327e-9a3c-40bd-8623-ae3723a2b995
71dbd272-9d59-48fb-aee2-8a39b1931937,81f417cb-ce9d-4fa2-b08e-6f898e1edbeb,596e802c-4306-416a-b598-f84ca0f013fc
a8ea4077-7b29-4c27-97e1-95619f6b00af,81f417cb-ce9d-4fa2-b08e-6f898e1edbeb,b1da3a84-5542-4f40-ba9b-464256b1280a
841aeb5e-8110-4dad-aca7-5daf40b8e6e0,d86195b9-4233-4cc6-865e-cb5795b5c8a9,461eb086-2185-4b2f-87bd-64ab744ad4cb
5c54c334-84af-4e8a-b997-da03a5fbd211,d86195b9-4233-4cc6-865e-cb5795b5c8a9,b50a6b0c-de5a-4d70-8973-48baed111065
f79cc732-49f0-488e-aa68-ade4a2be6e07,d86195b9-4233-4cc6-865e-cb5795b5c8a9,ac5893b5-d95c-40fd-b4d4-945fb4d4516f
f368b1eb-81d2-497c-ac11-545f01182422,d86195b9-4233-4cc6-865e-cb5795b5c8a9,b1da3a84-5542-4f40-ba9b-464256b1280a
d671fa7b-1687-40a7-a29c-e5fb746d6deb,50cc7cdb-c012-453f-bd55-cfc143c04a1a,596e802c-4306-416a-b598-f84ca0f013fc
db6901de-1a24-40d8-bcae-0426416f480e,50cc7cdb-c012-453f-bd55-cfc143c04a1a,461eb086-2185-4b2f-87bd-64ab744ad4cb
c56ffd67-2a3a-4588-b5f0-2b8736729b85,50cc7cdb-c012-453f-bd55-cfc143c04a1a,b50a6b0c-de5a-4d70-8973-48baed111065
1a03698b-8e83-45a6-8d4d-962734fcdc9c,50cc7cdb-c012-453f-bd55-cfc143c04a1a,07db327e-9a3c-40bd-8623-ae3723a2b995
4610cc9a-a2cd-4251-8094-7fd42f76d9b9,a7f2d0e4-33af-48ec-867e-76744570364b,b1da3a84-5542-4f40-ba9b-464256b1280a
022b50ca-9ebe-4a90-8ae8-0ffb4e6eeccf,a7f2d0e4-33af-48ec-867e-76744570364b,461eb086-2185-4b2f-87bd-64ab744ad4cb
12540770-f395-46b9-b2a0-3fed0c76bef8,a7f2d0e4-33af-48ec-867e-76744570364b,b50a6b0c-de5a-4d70-8973-48baed111065
ce356f15-49eb-49d3-920a-52f1160b3ff5,391f2161-61af-44d4-8dbf-77347ef93bd9,b50a6b0c-de5a-4d70-8973-48baed111065
86ce6b88-8bf8-4203-bc7b-dc2195b06258,391f2161-61af-44d4-8dbf-77347ef93bd9,ac5893b5-d95c-40fd-b4d4-945fb4d4516f
26cf952e-8611-40f2-a16f-42fea2de86db,391f2161-61af-44d4-8dbf-77347ef93bd9,461eb086-2185-4b2f-87bd-64ab744ad4cb
8ccd1c95-7f95-4afb-a5a3-8c024729f77c,00db2a26-ced6-4f6a-b1e6-d2f71c5d8316,b50a6b0c-de5a-4d70-8973-48baed111065
50c6026b-b833-402e-a7dc-cffe7a6a4578,00db2a26-ced6-4f6a-b1e6-d2f71c5d8316,461eb086-2185-4b2f-87bd-64ab744ad4cb
7e37d54b-ecad-4723-a117-c0d90b7dc93e,43a0fe9d-2407-4be8-94db-299355410786,ac5893b5-d95c-40fd-b4d4-945fb4d4516f
63ba9a3a-da45-4925-b592-0883a3db8fd8,43a0fe9d-2407-4be8-94db-299355410786,461eb086-2185-4b2f-87bd-64ab744ad4cb
6bdc04f5-a666-48b3-a58a-eac0cdfacf6f,08451ca8-2fb6-45a5-8029-f7df481edc36,596e802c-4306-416a-b598-f84ca0f013fc
e50b31be-8a19-494f-9a32-d3b9ce2dbe7f,08451ca8-2fb6-45a5-8029-f7df481edc36,461eb086-2185-4b2f-87bd-64ab744ad4cb
b654db0d-d73b-4b78-96f0-e3f6a0cf1433,08451ca8-2fb6-45a5-8029-f7df481edc36,07db327e-9a3c-40bd-8623-ae3723a2b995
ec0b2eea-5368-447e-a38a-7fd1cee6711a,6221c0e0-95ee-4508-9e61-519f6d8756e9,ac5893b5-d95c-40fd-b4d4-945fb4d4516f
182abd9f-2da3-41df-a50c-a24fed96c95e,6221c0e0-95ee-4508-9e61-519f6d8756e9,07db327e-9a3c-40bd-8623-ae3723a2b995
cf65a584-9684-4665-bc33-70429636710e,6221c0e0-95ee-4508-9e61-519f6d8756e9,b1da3a84-5542-4f40-ba9b-464256b1280a
d54a4f6c-47c3-4986-a53f-15644b440270,cb2888ed-5460-4728-8b91-ed750b2268b5,a3638a00-aa2c-4a03-802e-679269a5f1cd
86dfdd25-aee0-4f53-a38b-4d0fcee33599,cb2888ed-5460-4728-8b91-ed750b2268b5,b1da3a84-5542-4f40-ba9b-464256b1280a
bf2ca7cc-6f3d-471c-85a7-0161d01e2986,cb2888ed-5460-4728-8b91-ed750b2268b5,596e802c-4306-416a-b598-f84ca0f013fc
d50d9c5b-37c3-4601-8423-893dde6fdd64,cb2888ed-5460-4728-8b91-ed750b2268b5,461eb086-2185-4b2f-87bd-64ab744ad4cb
561e3f01-3d67-4b2b-8b15-45683daf2a45,fed73d8e-35f7-4d6b-bb34-2d886dc08287,ac5893b5-d95c-40fd-b4d4-945fb4d4516f
b3137503-9b92-4e61-adcc-7352ad1d05f7,fed73d8e-35f7-4d6b-bb34-2d886dc08287,b1da3a84-5542-4f40-ba9b-464256b1280a
062e1aa0-eb27-482b-a88e-9100619ffe5c,fed73d8e-35f7-4d6b-bb34-2d886dc08287,9396b678-43be-4651-b642-dc7ad254c2c3
34243fdb-8117-4bd2-bb56-2f1119f3a42d,fed73d8e-35f7-4d6b-bb34-2d886dc08287,b50a6b0c-de5a-4d70-8973-48baed111065
d1212f3b-6dfa-4c7b-a1df-f7794d288951,6c752522-2c72-4ddb-92ad-62255221e64a,a3638a00-aa2c-4a03-802e-679269a5f1cd
84329708-1bbc-4b52-9268-bc19d831d193,6c752522-2c72-4ddb-92ad-62255221e64a,b50a6b0c-de5a-4d70-8973-48baed111065
d1fe933a-d5a8-4d12-9ca8-27d503bba926,6c752522-2c72-4ddb-92ad-62255221e64a,596e802c-4306-416a-b598-f84ca0f013fc
b07e9d2f-36c3-469b-9441-661f425d6da1,04703585-1f4d-4f1e-8ef9-bdde517013c2,596e802c-4306-416a-b598-f84ca0f013fc
713e128e-cb8c-4afa-85e7-3dda204603ff,04703585-1f4d-4f1e-8ef9-bdde517013c2,a3638a00-aa2c-4a03-802e-679269a5f1cd
0afcad82-0d06-48f1-8934-0fe139c2ec59,04703585-1f4d-4f1e-8ef9-bdde517013c2,9396b678-43be-4651-b642-dc7ad254c2c3
29d0fb5f-80f9-43ed-af6b-5080f2202941,bc9f4495-ac87-426a-b3fc-e9d762c9ccd6,596e802c-4306-416a-b598-f84ca0f013fc
789e19eb-a0c2-49d9-be3a-4158200383a3,bc9f4495-ac87-426a-b3fc-e9d762c9ccd6,b1da3a84-5542-4f40-ba9b-464256b1280a
6d74d230-ba9c-4c09-b932-9ba817af8d7e,38a5d120-6011-446d-844c-78348325bf58,596e802c-4306-416a-b598-f84ca0f013fc
495e7591-4385-4aa3-beec-5b137959eb07,38a5d120-6011-446d-844c-78348325bf58,9396b678-43be-4651-b642-dc7ad254c2c3
2d9cd063-2525-4a4e-87a0-478229a58873,3dc13c7b-9a77-482d-97af-a9e9621cd826,ac5893b5-d95c-40fd-b4d4-945fb4d4516f
0cba54a8-dee6-465f-81a6-b7ef8ff74516,3dc13c7b-9a77-482d-97af-a9e9621cd826,596e802c-4306-416a-b598-f84ca0f013fc
908d9a67-9b2c-4664-bb90-a9b18d2d9b38,3dc13c7b-9a77-482d-97af-a9e9621cd826,9396b678-43be-4651-b642-dc7ad254c2c3
b07cce5a-8b68-4e8c-9d41-b87a5422a72a,3dc13c7b-9a77-482d-97af-a9e9621cd826,b50a6b0c-de5a-4d70-8973-48baed111065
7eb60065-50d1-4898-9939-b06ee7b8c24e,5db7d277-984a-486a-8b2c-9b5948345a6d,461eb086-2185-4b2f-87bd-64ab744ad4cb
6904b53f-bdc0-4c4d-baa5-73cb409c8341,5db7d277-984a-486a-8b2c-9b5948345a6d,ac5893b5-d95c-40fd-b4d4-945fb4d4516f
e0af0e53-f227-4ca8-8461-b7caf026607f,43e96969-a200-4848-ab8c-e33011b79aea,461eb086-2185-4b2f-87bd-64ab744ad4cb
d62bc6b4-8619-4383-a50e-912019434b05,43e96969-a200-4848-ab8c-e33011b79aea,ac5893b5-d95c-40fd-b4d4-945fb4d4516f
12125133-d52e-4d03-b28a-c2a83a9720e6,43e96969-a200-4848-ab8c-e33011b79aea,596e802c-4306-416a-b598-f84ca0f013fc
deedc1b2-7684-46bc-aad3-3a09e17909ba,4dc0f433-b40f-450f-ab5f-d6b81a23779b,ac5893b5-d95c-40fd-b4d4-945fb4d4516f
4ab9b541-f241-4f80-8a7c-a02149f32003,4dc0f433-b40f-450f-ab5f-d6b81a23779b,9396b678-43be-4651-b642-dc7ad254c2c3
a1dc7a43-cd30-4fdd-bad3-63244c9404c8,4dc0f433-b40f-450f-ab5f-d6b81a23779b,a3638a00-aa2c-4a03-802e-679269a5f1cd
7ffbf382-7afd-439f-b20c-371649074a0c,4dc0f433-b40f-450f-ab5f-d6b81a23779b,596e802c-4306-416a-b598-f84ca0f013fc
5ac110b4-e17d-43d2-8267-780b1698c3ae,9a294617-64a1-44ee-8aff-7bbec1b6d97e,9396b678-43be-4651-b642-dc7ad254c2c3
b1b31466-da56-4897-a51c-e1ee38e86dab,9a294617-64a1-44ee-8aff-7bbec1b6d97e,b1da3a84-5542-4f40-ba9b-464256b1280a
c4708971-71bd-4c11-af63-885f6236dbd8,9a294617-64a1-44ee-8aff-7bbec1b6d97e,b50a6b0c-de5a-4d70-8973-48baed111065
3cc209c5-27da-485e-9414-d720c0c695a6,04316eb6-7108-4e8f-ad21-402bd71bc009,b1da3a84-5542-4f40-ba9b-464256b1280a
adb8223a-ec9f-4931-ace3-76ba82b6d849,04316eb6-7108-4e8f-ad21-402bd71bc009,461eb086-2185-4b2f-87bd-64ab744ad4cb
316b9185-0b33-408a-b906-7984c7a633ee,04316eb6-7108-4e8f-ad21-402bd71bc009,a3638a00-aa2c-4a03-802e-679269a5f1cd
2db33ef7-0122-4693-85d0-ed183894acef,be6d4ef9-3e24-4aa6-9581-fdcf554bf0ac,596e802c-4306-416a-b598-f84ca0f013fc
7a08340d-2165-4893-86f4-3041fca0066b,be6d4ef9-3e24-4aa6-9581-fdcf554bf0ac,07db327e-9a3c-40bd-8623-ae3723a2b995
d4bb64b8-07fa-455c-a499-3ad323cc5779,be6d4ef9-3e24-4aa6-9581-fdcf554bf0ac,9396b678-43be-4651-b642-dc7ad254c2c3
ae5fd8b5-f4e9-4bfb-bb23-2c77cdac8e64,be6d4ef9-3e24-4aa6-9581-fdcf554bf0ac,b1da3a84-5542-4f40-ba9b-464256b1280a
561c7384-e5a3-4562-baa3-f9cc939fa8c1,a203669c-7093-4f11-a613-0eca13d0958f,ac5893b5-d95c-40fd-b4d4-945fb4d4516f
7ac1ffee-6fc5-426f-b13f-b78ea1b699c0,a203669c-7093-4f11-a613-0eca13d0958f,9396b678-43be-4651-b642-dc7ad254c2c3
15647899-bbdb-4edd-b7ca-8bd3bcba44da,a203669c-7093-4f11-a613-0eca13d0958f,a3638a00-aa2c-4a03-802e-679269a5f1cd
f28a010a-16b8-4556-adff-0ae50c657e28,a9df9181-3721-4a32-819e-ae3cbd3707d2,ac5893b5-d95c-40fd-b4d4-945fb4d4516f
990b89ca-6116-459a-bf20-e3a8fb321ef3,a9df9181-3721-4a32-819e-ae3cbd3707d2,9396b678-43be-4651-b642-dc7ad254c2c3
29557c13-eb85-48bf-9ce5-1b53f3e52483,a9df9181-3721-4a32-819e-ae3cbd3707d2,596e802c-4306-416a-b598-f84ca0f013fc
02aa3ce8-aeaf-428b-bfce-522aaa27e4e9,d4326384-2a6d-449c-b9a9-d8ba4a6bd781,a3638a00-aa2c-4a03-802e-679269a5f1cd
8e9f8cf2-2de0-49b2-b884-341edf2ade13,d4326384-2a6d-449c-b9a9-d8ba4a6bd781,596e802c-4306-416a-b598-f84ca0f013fc
aae8d98f-e1ff-4d18-9eef-e623fedcb42c,7a3a9c11-6e7c-4787-bf8f-12e304cfe23d,461eb086-2185-4b2f-87bd-64ab744ad4cb
3574ef9a-846b-4061-ad6d-17f9d7bf2045,7a3a9c11-6e7c-4787-bf8f-12e304cfe23d,a3638a00-aa2c-4a03-802e-679269a5f1cd
888104a2-e577-49ba-a56a-5cd751d033c5,7a3a9c11-6e7c-4787-bf8f-12e304cfe23d,ac5893b5-d95c-40fd-b4d4-945fb4d4516f
b52f4bc5-514a-416b-abb8-6d79a25f6b1f,34e8dde8-ebdf-495f-81df-934a49797b36,ac5893b5-d95c-40fd-b4d4-945fb4d4516f
4a484312-7f11-4194-99fe-edf93d1efa6d,34e8dde8-ebdf-495f-81df-934a49797b36,b50a6b0c-de5a-4d70-8973-48baed111065
792916ee-fff0-4166-b638-ce4923f11534,34e8dde8-ebdf-495f-81df-934a49797b36,596e802c-4306-416a-b598-f84ca0f013fc
7a6760bb-9e9c-4027-8dba-3fd63961f2f8,34e8dde8-ebdf-495f-81df-934a49797b36,9396b678-43be-4651-b642-dc7ad254c2c3
ff9eec95-1a64-4594-9ed5-d7d5ea32073a,2efa3ce3-3b7d-45a1-a621-4cd17a461aaa,b1da3a84-5542-4f40-ba9b-464256b1280a
3ebec8e6-6131-4af0-8b58-83f02f1e962a,2efa3ce3-3b7d-45a1-a621-4cd17a461aaa,ac5893b5-d95c-40fd-b4d4-945fb4d4516f
b5156862-56a5-4cfc-89c3-63ad128ec303,2efa3ce3-3b7d-45a1-a621-4cd17a461aaa,596e802c-4306-416a-b598-f84ca0f013fc
232271d0-295b-4caf-b160-9cb4c9c12cd4,b186f3f0-786f-4af3-8266-ed05dd0ae33e,07db327e-9a3c-40bd-8623-ae3723a2b995
329583e8-0237-469f-ad37-190d22b2ae01,b186f3f0-786f-4af3-8266-ed05dd0ae33e,461eb086-2185-4b2f-87bd-64ab744ad4cb
0f40c6f0-2dd0-433f-9429-61920e20e6c1,050ee62b-b5ef-475c-ba3b-b3ccfc5d3938,596e802c-4306-416a-b598-f84ca0f013fc
8caa9232-6ff8-4cae-bd66-135f2e51b344,050ee62b-b5ef-475c-ba3b-b3ccfc5d3938,ac5893b5-d95c-40fd-b4d4-945fb4d4516f
f4badc5d-38d8-425a-92e7-716ab9fdc34c,43041815-e118-4049-a65c-928ce5079c0d,b50a6b0c-de5a-4d70-8973-48baed111065
32e07a1a-cd0a-4d67-87c2-52318f11d058,43041815-e118-4049-a65c-928ce5079c0d,a3638a00-aa2c-4a03-802e-679269a5f1cd
2014db7e-671a-4f39-8df1-5272dec3e464,43041815-e118-4049-a65c-928ce5079c0d,9396b678-43be-4651-b642-dc7ad254c2c3
40b2771f-7d38-4e48-afe1-ede06afaaf7a,43041815-e118-4049-a65c-928ce5079c0d,596e802c-4306-416a-b598-f84ca0f013fc
5a46a4b8-0542-47a0-b875-7b7250836c81,e41e510f-147e-43cb-9ff9-a884822442c7,a3638a00-aa2c-4a03-802e-679269a5f1cd
78ab2182-e016-4f6a-88f4-90c6c3893eaf,e41e510f-147e-43cb-9ff9-a884822442c7,07db327e-9a3c-40bd-8623-ae3723a2b995
efd19e10-18cd-480b-a41d-7ff058bccbde,ef0ee256-9549-4d63-8087-6c16081bd5e6,596e802c-4306-416a-b598-f84ca0f013fc
faf603df-b0c0-4e41-a6ad-575b17fe13af,ef0ee256-9549-4d63-8087-6c16081bd5e6,07db327e-9a3c-40bd-8623-ae3723a2b995
d206b97c-181f-4c87-9871-176decfa1c42,ef0ee256-9549-4d63-8087-6c16081bd5e6,a3638a00-aa2c-4a03-802e-679269a5f1cd
f9c0323e-7fc7-4e13-8288-b3529eaca14f,f63ec813-3a1c-45d8-9b48-42a3485a1f8b,07db327e-9a3c-40bd-8623-ae3723a2b995
e0d684cf-91ae-414d-ac78-c1cc530a5db1,f63ec813-3a1c-45d8-9b48-42a3485a1f8b,461eb086-2185-4b2f-87bd-64ab744ad4cb
9e77a5d6-dacb-4e87-b382-1fa83946ef71,eeabf25d-0b51-41f3-9790-3cde3dd052ce,b1da3a84-5542-4f40-ba9b-464256b1280a
c79769d2-673f-4431-aaf5-50d03294af9f,eeabf25d-0b51-41f3-9790-3cde3dd052ce,07db327e-9a3c-40bd-8623-ae3723a2b995
11fafd8d-ea9d-475d-a06e-cc3fb03cd949,eeabf25d-0b51-41f3-9790-3cde3dd052ce,596e802c-4306-416a-b598-f84ca0f013fc
6661adb6-54e8-405b-849d-04f8d8e7599f,eeabf25d-0b51-41f3-9790-3cde3dd052ce,9396b678-43be-4651-b642-dc7ad254c2c3
ba891a77-2eb0-47e7-9fb2-b3f600d7a5d4,35637bf2-1c66-4a9f-a7e5-c49114d0198b,461eb086-2185-4b2f-87bd-64ab744ad4cb
1d2fa5fc-f9d8-492c-8d35-270350aaa307,35637bf2-1c66-4a9f-a7e5-c49114d0198b,b1da3a84-5542-4f40-ba9b-464256b1280a
bf56fcfb-11d0-4ad7-a6f0-f5c73ac19a7b,35637bf2-1c66-4a9f-a7e5-c49114d0198b,a3638a00-aa2c-4a03-802e-679269a5f1cd
92003fb2-cf90-493e-9317-146d13756ddc,60cf6a4d-37a6-4c2d-b6cb-dfd8618e50d6,ac5893b5-d95c-40fd-b4d4-945fb4d4516f
13d230ec-1192-4c49-90c8-da24d81dc02d,60cf6a4d-37a6-4c2d-b6cb-dfd8618e50d6,9396b678-43be-4651-b642-dc7ad254c2c3
3c88b5ca-3089-4e88-843a-13ea5ea13243,60cf6a4d-37a6-4c2d-b6cb-dfd8618e50d6,b1da3a84-5542-4f40-ba9b-464256b1280a
472e89ed-3bfd-4c73-ab7c-7d2c603cd3c7,e7b32a95-c19b-4788-aabf-76c71f1b1bf5,9396b678-43be-4651-b642-dc7ad254c2c3
4822a7e5-a120-468d-bd54-23b06cf428d0,e7b32a95-c19b-4788-aabf-76c71f1b1bf5,b50a6b0c-de5a-4d70-8973-48baed111065
466a6b1e-5217-4fa2-b024-da7ee92f73ad,e7b32a95-c19b-4788-aabf-76c71f1b1bf5,596e802c-4306-416a-b598-f84ca0f013fc
1221bb92-6d5b-4313-a74b-d480f8fe097b,277e987b-a059-4dec-af1f-ba96e3c6a85a,b1da3a84-5542-4f40-ba9b-464256b1280a
a3c4d302-b721-4c9f-b365-6e8fb5a03b08,277e987b-a059-4dec-af1f-ba96e3c6a85a,b50a6b0c-de5a-4d70-8973-48baed111065
1f32728b-c590-4c2f-b89a-06675398f24d,277e987b-a059-4dec-af1f-ba96e3c6a85a,596e802c-4306-416a-b598-f84ca0f013fc
1081b327-2374-4bbe-ab3a-9be3a9d5a392,b5ed048e-87ea-4e0e-b843-70a8c3800821,a3638a00-aa2c-4a03-802e-679269a5f1cd
f0b213bc-9a12-462d-9176-38e7be973dfb,b5ed048e-87ea-4e0e-b843-70a8c3800821,9396b678-43be-4651-b642-dc7ad254c2c3
0d733b0b-63af-4de8-a6f7-7cdebf122aab,b5ed048e-87ea-4e0e-b843-70a8c3800821,07db327e-9a3c-40bd-8623-ae3723a2b995
fc499ea2-0a82-4687-a880-53af18b5c3c4,b5ed048e-87ea-4e0e-b843-70a8c3800821,ac5893b5-d95c-40fd-b4d4-945fb4d4516f
3329354a-520b-4169-ac34-5d4272d28256,eebf0298-9f3f-42bd-a1ef-02207c69ab72,596e802c-4306-416a-b598-f84ca0f013fc
8153d2b3-6553-451c-afc4-b7aec9b93dd1,eebf0298-9f3f-42bd-a1ef-02207c69ab72,b1da3a84-5542-4f40-ba9b-464256b1280a
139bb915-68d8-4aef-bede-81c738b019ac,eebf0298-9f3f-42bd-a1ef-02207c69ab72,9396b678-43be-4651-b642-dc7ad254c2c3
9b0037b3-1e9d-4f50-b10a-1ad910e4f1b1,eebf0298-9f3f-42bd-a1ef-02207c69ab72,ac5893b5-d95c-40fd-b4d4-945fb4d4516f
4721b2b0-6f20-44bb-8545-2f5f816c2410,82b86e28-380b-49a1-b39f-71fe625a8c30,596e802c-4306-416a-b598-f84ca0f013fc
c264c4b1-b599-43da-8efd-12242a8829ec,82b86e28-380b-49a1-b39f-71fe625a8c30,461eb086-2185-4b2f-87bd-64ab744ad4cb
16aec854-a793-4029-b048-2c8f845c321d,82b86e28-380b-49a1-b39f-71fe625a8c30,b1da3a84-5542-4f40-ba9b-464256b1280a
ea38687a-0b9d-4315-b7cd-99db7f307ae4,82b86e28-380b-49a1-b39f-71fe625a8c30,a3638a00-aa2c-4a03-802e-679269a5f1cd
345464ff-0767-479c-bc85-f7363bd8678b,f90791e3-62d3-4448-832c-58e6a9b762c2,b1da3a84-5542-4f40-ba9b-464256b1280a
007a4d66-f4ab-4c00-9c32-e8180d7bc7e4,f90791e3-62d3-4448-832c-58e6a9b762c2,461eb086-2185-4b2f-87bd-64ab744ad4cb
972e0a7d-8527-4f21-b0d4-64ca13eca3a0,f90791e3-62d3-4448-832c-58e6a9b762c2,9396b678-43be-4651-b642-dc7ad254c2c3
62faacfc-28ae-4dd7-886d-e32ef62f03ab,f90791e3-62d3-4448-832c-58e6a9b762c2,596e802c-4306-416a-b598-f84ca0f013fc
aac90f0d-aeb8-4efa-bc45-c86d65a20f16,efa4c015-3136-4a8c-9dcb-7986d2163674,b50a6b0c-de5a-4d70-8973-48baed111065
e381b3cc-ac88-4155-8e11-4ade65bfd736,efa4c015-3136-4a8c-9dcb-7986d2163674,b1da3a84-5542-4f40-ba9b-464256b1280a
6bf65aca-71ff-4ee6-9c30-263f1998736e,efa4c015-3136-4a8c-9dcb-7986d2163674,a3638a00-aa2c-4a03-802e-679269a5f1cd
a0a94ef6-1160-4d71-b001-90abf48131d8,17da070d-ea3d-4744-9ccd-9046906adc20,a3638a00-aa2c-4a03-802e-679269a5f1cd
fe8a3709-3170-4e0a-b178-e8ab04363ed4,17da070d-ea3d-4744-9ccd-9046906adc20,07db327e-9a3c-40bd-8623-ae3723a2b995
a1520a8e-f0bf-4635-9d82-03f34d068dba,17da070d-ea3d-4744-9ccd-9046906adc20,b50a6b0c-de5a-4d70-8973-48baed111065
d47e110d-faed-48b2-9b0e-2182083911d0,17da070d-ea3d-4744-9ccd-9046906adc20,461eb086-2185-4b2f-87bd-64ab744ad4cb
3dad332b-2a1e-4c6b-a813-90d04007b582,23e3fae9-7ada-483a-95e6-5c38a7732942,a3638a00-aa2c-4a03-802e-679269a5f1cd
7c6f3799-884c-4598-9b50-99c85ad24db1,23e3fae9-7ada-483a-95e6-5c38a7732942,07db327e-9a3c-40bd-8623-ae3723a2b995
79e4c30f-77a1-4f51-ba5e-044710cf73b3,3e9d43b0-6ccf-4d07-b4b6-d8ebe0641a77,b50a6b0c-de5a-4d70-8973-48baed111065
13f46c19-a4d1-4d8e-b6d8-c62bb876bf24,3e9d43b0-6ccf-4d07-b4b6-d8ebe0641a77,ac5893b5-d95c-40fd-b4d4-945fb4d4516f
2ad084c4-1bdf-4659-8060-da57cb831f30,3e9d43b0-6ccf-4d07-b4b6-d8ebe0641a77,07db327e-9a3c-40bd-8623-ae3723a2b995
19da79da-50e0-445d-bcc2-0469ab9a23b3,99624f39-44a6-4f50-82a1-86b4498ab5d6,07db327e-9a3c-40bd-8623-ae3723a2b995
43125d22-aaef-4040-8027-db9303fb7234,99624f39-44a6-4f50-82a1-86b4498ab5d6,461eb086-2185-4b2f-87bd-64ab744ad4cb
4437c957-7498-4c52-ab34-af73062c5f4d,15d57ad2-e066-4213-b0b4-c467cf783f82,07db327e-9a3c-40bd-8623-ae3723a2b995
6f02b754-b265-4484-a3f7-e6a668fada8c,15d57ad2-e066-4213-b0b4-c467cf783f82,b50a6b0c-de5a-4d70-8973-48baed111065
d2d1de5a-4642-448f-a1eb-55da7a94055f,02e1836f-059b-4446-9db9-f58b83ab8285,ac5893b5-d95c-40fd-b4d4-945fb4d4516f
35b93d90-8556-4999-9bb7-161328f8245d,02e1836f-059b-4446-9db9-f58b83ab8285,a3638a00-aa2c-4a03-802e-679269a5f1cd
9145edce-276d-4898-ba99-2b610d1dfa08,3e760ba7-bdbf-475b-96de-909113eab75f,9396b678-43be-4651-b642-dc7ad254c2c3
3758882e-0ec3-4cdc-8d73-4305e6071dac,3e760ba7-bdbf-475b-96de-909113eab75f,461eb086-2185-4b2f-87bd-64ab744ad4cb
d0034d35-63ab-4692-87c2-40e7f0f22c74,3e760ba7-bdbf-475b-96de-909113eab75f,a3638a00-aa2c-4a03-802e-679269a5f1cd
394d8433-a7e3-4b84-bf60-da666fd502c9,d34480a3-d6fa-4d5f-8525-7e6b8eca7dd1,b50a6b0c-de5a-4d70-8973-48baed111065
475479a0-86df-41ce-89e6-810fbb3dd8bf,d34480a3-d6fa-4d5f-8525-7e6b8eca7dd1,ac5893b5-d95c-40fd-b4d4-945fb4d4516f
13e3e473-8b73-4a9b-9ad7-d3372b6f26c9,d34480a3-d6fa-4d5f-8525-7e6b8eca7dd1,9396b678-43be-4651-b642-dc7ad254c2c3
2e491644-2e52-40ae-927a-083635b159fd,d34480a3-d6fa-4d5f-8525-7e6b8eca7dd1,b1da3a84-5542-4f40-ba9b-464256b1280a
aed9b483-506e-45e0-bfdf-eaba998d81e0,cffaf07c-5e91-4c30-bf7f-63779a296454,461eb086-2185-4b2f-87bd-64ab744ad4cb
7703dc75-bd6b-4356-8bca-5d3bc5fad090,cffaf07c-5e91-4c30-bf7f-63779a296454,07db327e-9a3c-40bd-8623-ae3723a2b995
3062f5b1-6482-47a6-89c1-b8803eb4466a,4dac49cd-8b50-4478-bc29-4463456cc74f,596e802c-4306-416a-b598-f84ca0f013fc
4249c4af-d939-487b-9762-35ea38b30bcd,4dac49cd-8b50-4478-bc29-4463456cc74f,461eb086-2185-4b2f-87bd-64ab744ad4cb
05fcc433-24f6-469c-a199-298d65ca81ec,0eb813bd-3187-4f0c-9b28-012709bdd46c,596e802c-4306-416a-b598-f84ca0f013fc
160a0b4b-448a-436b-a5f5-ab09313f1c96,0eb813bd-3187-4f0c-9b28-012709bdd46c,9396b678-43be-4651-b642-dc7ad254c2c3
d927f0bc-8eb7-4fd8-a961-07e4b6c7d364,0eb813bd-3187-4f0c-9b28-012709bdd46c,07db327e-9a3c-40bd-8623-ae3723a2b995
04525110-75b0-4d4d-9395-4f6c01e7d4ca,0eb813bd-3187-4f0c-9b28-012709bdd46c,a3638a00-aa2c-4a03-802e-679269a5f1cd
69948b53-97e9-40e2-ac3f-8bf00018a010,4c40b937-f059-476c-ad8b-7720810c0e42,461eb086-2185-4b2f-87bd-64ab744ad4cb
c69e89fb-9a6f-4695-8459-634ecffc37b5,4c40b937-f059-476c-ad8b-7720810c0e42,ac5893b5-d95c-40fd-b4d4-945fb4d4516f
676f5285-bf94-4c47-9c48-98eb57e05aeb,4c699e1a-e949-4914-a420-0b295837f783,b50a6b0c-de5a-4d70-8973-48baed111065
4b844e3d-595c-4579-b28d-3a7f4aa05ef2,4c699e1a-e949-4914-a420-0b295837f783,596e802c-4306-416a-b598-f84ca0f013fc
7e2b6b34-2094-4f0a-9f2a-92c0a599d898,4c699e1a-e949-4914-a420-0b295837f783,b1da3a84-5542-4f40-ba9b-464256b1280a
